run,query_key,calls,total_exec_ms,mean_exec_ms,query_sha256
fixed_sql-1,10_1033802039123175271_true,288,4099.606795,14.234746,e819be7fb057a82b354deac1ce64d7a14ca65977f53ef48880ce60e7c39d25d1
fixed_sql-1,10_-6842937031447782956_true,576,397.816781,0.690654,00b521f1d47ad8f9260913ab55502fd00e830befb813e1cd4c76e5d5b4f28d71
fixed_sql-1,10_-4809885398804894281_true,576,253.367722,0.439875,92ce1667148ac440c8788c3d3af00d2c3b9422ff8d9e0859d4748a74389b9996
fixed_sql-1,10_-7159942097980501218_true,288,147.845707,0.513353,6ae7b188f5d5f6f8fb8fcba3b92b5a772061a6f4b373bde9ca538360aa483b33
fixed_sql-1,10_3077585829638170063_true,288,130.040389,0.451529,687e79bbc1ec03b14f500126657c21c6a06eb4298839db2c813f29dda3833373
fixed_sql-1,10_-4819928050126555128_true,288,74.384556,0.25828,477d13bbca42f7fea2eee5fae48829f553932ea70abc08f3481950fc111f9933
fixed_sql-1,10_2267975671437662225_true,288,60.133147,0.208796,7c1209b5f81463c042e65511d9fc2660c84845d54e555b315f3e021244da0e43
fixed_sql-1,10_-1052881757650665872_true,288,58.330951,0.202538,867cc4fcd609bf449b28b20bf5f1bf06a77592a6a1291aa7c014272c225656ee
fixed_sql-1,10_4656313577910830320_true,288,57.116468,0.198321,a594e138cb3d18f9604403cdd6e641756e815005e18689fc566d5d947409de4e
fixed_sql-1,10_1767282781953035540_true,576,51.693612,0.089746,0f293e8ff0f0e1890d430270763675b49f06f33b864106eeefe2ab77c810e8c8
fixed_sql-1,10_-1402584087708913972_true,1728,45.127581,0.026115,352fbeb1379fc328ef8b1508b0dce3809dedf7bcc37380bf175c27ba5d47aaaf
fixed_sql-1,10_1731465853063539113_true,288,38.351953,0.133167,4e427cf6dd8d66c02e6699d6933527a7e0bbb0fb654fc88dc5bd286187d70aed
fixed_sql-1,10_9091044686983837465_true,576,37.488538,0.065084,84dfa94eec8a34624f7259661a2e4558d8950e4987d2799e4d4d959131dc4ff6
fixed_sql-1,10_-7477484057581112166_true,1152,33.422772,0.029013,9a1e0e6f24ce13b1a718eb068b5eeec36a887843663ae03986838c4511dcbaf0
fixed_sql-1,10_-2855378371138922046_true,1152,28.744201,0.024952,1e355565d2f9d2d725a6c113ab9c3cbd5f0a1e079360fa050b0f7d154a00ecfb
fixed_sql-1,10_272815608956864943_true,864,23.317736,0.026988,19fcbfeabe76d434f20ea5fae408ee9841da6e733f879379f7efbbdd715c56e2
fixed_sql-1,10_8085437714887874422_true,576,22.512284,0.039084,1a5346cdb428ad7e820bb07aee152260cab9a3ebbf0f2b06567f88f9a6f02341
fixed_sql-1,10_1516204262266125831_true,576,13.574154,0.023566,e169d97b39de2de9e691007670fd3af5dbde5d70d56d831386a92f310ca3ea15
fixed_sql-1,10_-5239448546576074090_true,288,8.753743,0.030395,0be1f76876c6d9a758e837f5a84b512f0e4fd26933058437b47ca0b26edbe5e6
fixed_sql-1,10_-3832981572635927287_true,288,8.470179,0.02941,b9aa0556b6ebbf56a3dc07649ba62fc021fcc1b4ab045cfb1ec487d7709924ad
fixed_sql-1,10_8004310239819770328_true,288,8.38282,0.029107,9bfad657bb875e10805ca81a661d09001022e8a32b91c57d1d8a4bd9cd0a53c9
fixed_sql-1,10_-5198611253100323484_true,288,7.883512,0.027373,7023ede274147bdf32196bb22065e88162316eb4895843571324ba855be65e93
fixed_sql-1,10_2096569030600054063_true,288,7.487072,0.025997,c9e8e165a338ac836ded5aa8f5e86a0385b9bfe21d62581fb04832d3db7a1436
fixed_sql-1,10_-6238842771805104800_true,288,6.121094,0.021254,49773b6f878393bd324582d4599c51543223cec6aa2311d43a8b7efad1a9c68f
fixed_sql-1,10_3175560230803026983_true,288,4.308523,0.01496,67ffdd7cd84a12eee0652f833c15729a7a6cfb325a956f3c91f6c2c6596a63a1
fixed_sql-1,10_4854991825702068830_true,2308,1.380944,0.000598,a8402858d4f1e1d27afee976520485ebb4b96a5387355b823f0d0b8079729032
fixed_sql-1,10_-6339237704490227906_true,576,0.974476,0.001692,2461f8bb8070d8f1e4e669943dfb1cc042ed3e05c56721efdd125ae68b55f78c
fixed_sql-1,10_614676945849492516_true,4,0.775526,0.193881,62b398df9124d865936994039a924eb7b70f9c5572e7030bf0c2a251bcea333a
fixed_sql-1,10_3491474400644981095_true,4,0.33393,0.083483,0665206a738062fc40135852d5359182da357ccd026bd36dab1c81f5159ce3ca
fixed_sql-1,10_-4044405742537025589_true,4,0.107954,0.026989,9ac771e1d8b2ecc77c63ae37213074966f7a3917cea724e3d384926d06bbadae
fixed_sql-1,10_6617438240737550109_true,2,0.102463,0.051232,e3f26b4e29b4a7250e7771ea0f1047eb5bbde6b9e4ae3570b6725623a388fa6c
fixed_sql-1,10_-4202626520741838959_true,4,0.072105,0.018026,12e05f0048b04c42d73fa08be525c579118e635c63ada3ed0e8812d8d1023dd1
fixed_sql-1,10_5603963236059248545_true,4,0.050535,0.012634,c4824c687a8bd39f8c08d9df08f6386571083d40c57fb9b145a1e4480b3f0962
fixed_sql-1,10_4613823412944004157_true,3,0.048843,0.016281,900b904f3d660d5d3945ac37a395d40d74717d8a07c45f5e13597effde553956
fixed_sql-1,10_1407442300845343054_true,4,0.046218,0.011555,4a59fed636fa6cc37f980842ae33a5c5925b30e7cd5c44df84428cd9aa9d0795
fixed_sql-1,10_-2009659903980438264_true,1,0.039705,0.039705,af0f73f4c1b00b9ef923a36431f245937f4a1746f3a94effdeddc55b59c97663
fixed_sql-1,10_-5638955352960985681_true,3,0.03163,0.010543,506ebcd04bd91cb7937fc70d0015974155147795a1c46f002c0bb0fb06ec708d
fixed_sql-1,10_6097083398544187049_true,0,0.0,"",79663c1d3b43ceaf9ee728e501c64b57ae2e4d6cb36ff5c65eddcda1de27342f
fixed_sql-1,10_-7676915344437841334_true,0,0.0,"",587fa628a9fe4642ac0e22825a97e81d388af674f7251a9fb699f96901dcb710
fixed_sql-1,10_-3860739276665616125_true,0,0.0,"",a3ba3c2b1babefc6a0d87dee1697a42c514b779b41f724f94f2f7b03a3f2cc4f
fixed_sql-1,10_831126298545652160_true,0,0.0,"",7216db1b4f01955b020adfdaf0d1537d45f7e7ada3bcb50563d14cf0134deccf
fixed_sql-1,10_1779149457895871573_true,0,0.0,"",54e5d7d708a74c6fd6544d783f0a2a1e30b8b6a5227d6da2495a76df03d8d2a8
fixed_sql-2,10_1033802039123175271_true,288,3148.622059,10.932715,e819be7fb057a82b354deac1ce64d7a14ca65977f53ef48880ce60e7c39d25d1
fixed_sql-2,10_-6842937031447782956_true,576,434.011342,0.753492,00b521f1d47ad8f9260913ab55502fd00e830befb813e1cd4c76e5d5b4f28d71
fixed_sql-2,10_-4809885398804894281_true,576,281.90324,0.489415,92ce1667148ac440c8788c3d3af00d2c3b9422ff8d9e0859d4748a74389b9996
fixed_sql-2,10_-7159942097980501218_true,288,169.71356,0.589283,6ae7b188f5d5f6f8fb8fcba3b92b5a772061a6f4b373bde9ca538360aa483b33
fixed_sql-2,10_3077585829638170063_true,288,159.387328,0.553428,687e79bbc1ec03b14f500126657c21c6a06eb4298839db2c813f29dda3833373
fixed_sql-2,10_-4819928050126555128_true,288,70.02448,0.243141,477d13bbca42f7fea2eee5fae48829f553932ea70abc08f3481950fc111f9933
fixed_sql-2,10_2267975671437662225_true,288,68.827284,0.238984,29d56bfe2e9480a41b37312aa86c8dc70f43c8f3f74a07ee4d354ee468c5e9d3
fixed_sql-2,10_-1052881757650665872_true,288,68.648431,0.238363,867cc4fcd609bf449b28b20bf5f1bf06a77592a6a1291aa7c014272c225656ee
fixed_sql-2,10_4656313577910830320_true,288,64.489095,0.22392,a594e138cb3d18f9604403cdd6e641756e815005e18689fc566d5d947409de4e
fixed_sql-2,10_1767282781953035540_true,576,50.319049,0.087359,0f293e8ff0f0e1890d430270763675b49f06f33b864106eeefe2ab77c810e8c8
fixed_sql-2,10_-1402584087708913972_true,1728,49.811679,0.028826,352fbeb1379fc328ef8b1508b0dce3809dedf7bcc37380bf175c27ba5d47aaaf
fixed_sql-2,10_1731465853063539113_true,288,48.833344,0.16956,5be3a8d53aceda658f2dae7a68e2fe254eaaadbdd41d490face8824895d710b4
fixed_sql-2,10_9091044686983837465_true,576,41.794713,0.07256,84dfa94eec8a34624f7259661a2e4558d8950e4987d2799e4d4d959131dc4ff6
fixed_sql-2,10_-7477484057581112166_true,1152,37.042881,0.032155,9627c3632787ab65dc8f8cd646685704337a625e64ba1c45ceeaa719fe208304
fixed_sql-2,10_-2855378371138922046_true,1152,28.869499,0.02506,1e355565d2f9d2d725a6c113ab9c3cbd5f0a1e079360fa050b0f7d154a00ecfb
fixed_sql-2,10_272815608956864943_true,864,26.477619,0.030645,19fcbfeabe76d434f20ea5fae408ee9841da6e733f879379f7efbbdd715c56e2
fixed_sql-2,10_8085437714887874422_true,576,23.36241,0.04056,1a5346cdb428ad7e820bb07aee152260cab9a3ebbf0f2b06567f88f9a6f02341
fixed_sql-2,10_1516204262266125831_true,576,15.167457,0.026332,e169d97b39de2de9e691007670fd3af5dbde5d70d56d831386a92f310ca3ea15
fixed_sql-2,10_-5239448546576074090_true,288,12.206788,0.042385,0be1f76876c6d9a758e837f5a84b512f0e4fd26933058437b47ca0b26edbe5e6
fixed_sql-2,10_2096569030600054063_true,288,8.835549,0.030679,c9e8e165a338ac836ded5aa8f5e86a0385b9bfe21d62581fb04832d3db7a1436
fixed_sql-2,10_-3832981572635927287_true,288,8.679052,0.030136,b9aa0556b6ebbf56a3dc07649ba62fc021fcc1b4ab045cfb1ec487d7709924ad
fixed_sql-2,10_-5198611253100323484_true,288,7.612538,0.026432,7023ede274147bdf32196bb22065e88162316eb4895843571324ba855be65e93
fixed_sql-2,10_8004310239819770328_true,288,7.310069,0.025382,9bfad657bb875e10805ca81a661d09001022e8a32b91c57d1d8a4bd9cd0a53c9
fixed_sql-2,10_-6238842771805104800_true,288,7.219847,0.025069,49773b6f878393bd324582d4599c51543223cec6aa2311d43a8b7efad1a9c68f
fixed_sql-2,10_3175560230803026983_true,288,4.924776,0.0171,7e4a7862cfb3876ac23318104c891ea05802ddda717ec18dcd7b96526b130cb1
fixed_sql-2,10_614676945849492516_true,8,3.679347,0.459918,62b398df9124d865936994039a924eb7b70f9c5572e7030bf0c2a251bcea333a
fixed_sql-2,10_3491474400644981095_true,8,1.428032,0.178504,0c6614ae587779f47879bc40e3dba399480d06a06661a10064934846709e9df4
fixed_sql-2,10_4854991825702068830_true,2312,1.408154,0.000609,a8402858d4f1e1d27afee976520485ebb4b96a5387355b823f0d0b8079729032
fixed_sql-2,10_-6339237704490227906_true,576,1.038883,0.001804,2461f8bb8070d8f1e4e669943dfb1cc042ed3e05c56721efdd125ae68b55f78c
fixed_sql-2,10_-4044405742537025589_true,8,0.250094,0.031262,9ac771e1d8b2ecc77c63ae37213074966f7a3917cea724e3d384926d06bbadae
fixed_sql-2,10_-4202626520741838959_true,8,0.199177,0.024897,12e05f0048b04c42d73fa08be525c579118e635c63ada3ed0e8812d8d1023dd1
fixed_sql-2,10_4613823412944004157_true,9,0.158131,0.01757,900b904f3d660d5d3945ac37a395d40d74717d8a07c45f5e13597effde553956
fixed_sql-2,10_5603963236059248545_true,8,0.121219,0.015152,1a7c7421aae884c9ad6dea6b7c7717e6cc103595ddcdbdfb235b5c8dee785c5c
fixed_sql-2,10_1407442300845343054_true,8,0.121079,0.015135,4a59fed636fa6cc37f980842ae33a5c5925b30e7cd5c44df84428cd9aa9d0795
fixed_sql-2,10_-5638955352960985681_true,9,0.083269,0.009252,506ebcd04bd91cb7937fc70d0015974155147795a1c46f002c0bb0fb06ec708d
fixed_sql-2,10_6617438240737550109_true,1,0.069201,0.069201,e3f26b4e29b4a7250e7771ea0f1047eb5bbde6b9e4ae3570b6725623a388fa6c
fixed_sql-2,10_-2009659903980438264_true,1,0.047921,0.047921,af0f73f4c1b00b9ef923a36431f245937f4a1746f3a94effdeddc55b59c97663
fixed_sql-2,10_6097083398544187049_true,0,0.0,"",79663c1d3b43ceaf9ee728e501c64b57ae2e4d6cb36ff5c65eddcda1de27342f
fixed_sql-2,10_-7676915344437841334_true,0,0.0,"",587fa628a9fe4642ac0e22825a97e81d388af674f7251a9fb699f96901dcb710
fixed_sql-2,10_-3860739276665616125_true,0,0.0,"",a3ba3c2b1babefc6a0d87dee1697a42c514b779b41f724f94f2f7b03a3f2cc4f
fixed_sql-2,10_1779149457895871573_true,0,0.0,"",54e5d7d708a74c6fd6544d783f0a2a1e30b8b6a5227d6da2495a76df03d8d2a8
fixed_sql-2,10_831126298545652160_true,0,0.0,"",7216db1b4f01955b020adfdaf0d1537d45f7e7ada3bcb50563d14cf0134deccf
fixed_sql-4,10_1033802039123175271_true,288,3591.935499,12.471998,e819be7fb057a82b354deac1ce64d7a14ca65977f53ef48880ce60e7c39d25d1
fixed_sql-4,10_-6842937031447782956_true,576,452.964444,0.786397,00b521f1d47ad8f9260913ab55502fd00e830befb813e1cd4c76e5d5b4f28d71
fixed_sql-4,10_-4809885398804894281_true,576,313.859266,0.544895,92ce1667148ac440c8788c3d3af00d2c3b9422ff8d9e0859d4748a74389b9996
fixed_sql-4,10_-7159942097980501218_true,288,167.343642,0.581054,6ae7b188f5d5f6f8fb8fcba3b92b5a772061a6f4b373bde9ca538360aa483b33
fixed_sql-4,10_3077585829638170063_true,288,150.987153,0.524261,687e79bbc1ec03b14f500126657c21c6a06eb4298839db2c813f29dda3833373
fixed_sql-4,10_-1052881757650665872_true,288,79.038274,0.274438,fd5eb69aa72a67eaa6834c3b8a7cd13d1ce88f4afb01f6ba3a2afff48fa5e00a
fixed_sql-4,10_2267975671437662225_true,288,76.825241,0.266754,7c1209b5f81463c042e65511d9fc2660c84845d54e555b315f3e021244da0e43
fixed_sql-4,10_-4819928050126555128_true,288,69.117924,0.239993,477d13bbca42f7fea2eee5fae48829f553932ea70abc08f3481950fc111f9933
fixed_sql-4,10_4656313577910830320_true,288,67.398961,0.234024,a594e138cb3d18f9604403cdd6e641756e815005e18689fc566d5d947409de4e
fixed_sql-4,10_-1402584087708913972_true,1728,54.524431,0.031553,352fbeb1379fc328ef8b1508b0dce3809dedf7bcc37380bf175c27ba5d47aaaf
fixed_sql-4,10_9091044686983837465_true,576,46.726463,0.081122,84dfa94eec8a34624f7259661a2e4558d8950e4987d2799e4d4d959131dc4ff6
fixed_sql-4,10_1731465853063539113_true,288,44.207644,0.153499,5be3a8d53aceda658f2dae7a68e2fe254eaaadbdd41d490face8824895d710b4
fixed_sql-4,10_-7477484057581112166_true,1152,42.818653,0.037169,9627c3632787ab65dc8f8cd646685704337a625e64ba1c45ceeaa719fe208304
fixed_sql-4,10_1767282781953035540_true,576,41.727272,0.072443,0f293e8ff0f0e1890d430270763675b49f06f33b864106eeefe2ab77c810e8c8
fixed_sql-4,10_-2855378371138922046_true,1152,31.948399,0.027733,1e355565d2f9d2d725a6c113ab9c3cbd5f0a1e079360fa050b0f7d154a00ecfb
fixed_sql-4,10_272815608956864943_true,864,28.24478,0.032691,19fcbfeabe76d434f20ea5fae408ee9841da6e733f879379f7efbbdd715c56e2
fixed_sql-4,10_8085437714887874422_true,576,27.696954,0.048085,1a5346cdb428ad7e820bb07aee152260cab9a3ebbf0f2b06567f88f9a6f02341
fixed_sql-4,10_1516204262266125831_true,576,15.666862,0.027199,e169d97b39de2de9e691007670fd3af5dbde5d70d56d831386a92f310ca3ea15
fixed_sql-4,10_614676945849492516_true,19,12.737821,0.670412,62b398df9124d865936994039a924eb7b70f9c5572e7030bf0c2a251bcea333a
fixed_sql-4,10_-5239448546576074090_true,288,11.283701,0.03918,0be1f76876c6d9a758e837f5a84b512f0e4fd26933058437b47ca0b26edbe5e6
fixed_sql-4,10_-3832981572635927287_true,288,10.008065,0.03475,b9aa0556b6ebbf56a3dc07649ba62fc021fcc1b4ab045cfb1ec487d7709924ad
fixed_sql-4,10_2096569030600054063_true,288,8.688155,0.030167,c9e8e165a338ac836ded5aa8f5e86a0385b9bfe21d62581fb04832d3db7a1436
fixed_sql-4,10_-6238842771805104800_true,288,8.282233,0.028758,49773b6f878393bd324582d4599c51543223cec6aa2311d43a8b7efad1a9c68f
fixed_sql-4,10_8004310239819770328_true,288,6.164274,0.021404,9bfad657bb875e10805ca81a661d09001022e8a32b91c57d1d8a4bd9cd0a53c9
fixed_sql-4,10_-5198611253100323484_true,288,6.084299,0.021126,7023ede274147bdf32196bb22065e88162316eb4895843571324ba855be65e93
fixed_sql-4,10_3175560230803026983_true,288,5.523216,0.019178,7e4a7862cfb3876ac23318104c891ea05802ddda717ec18dcd7b96526b130cb1
fixed_sql-4,10_4854991825702068830_true,2321,1.687587,0.000727,a8402858d4f1e1d27afee976520485ebb4b96a5387355b823f0d0b8079729032
fixed_sql-4,10_-6339237704490227906_true,576,1.15572,0.002006,2461f8bb8070d8f1e4e669943dfb1cc042ed3e05c56721efdd125ae68b55f78c
fixed_sql-4,10_-4044405742537025589_true,19,0.75203,0.039581,d35b4539f071bcc06db7031ca8cc975ca2043bb09c2be4f155b07f15d8955db6
fixed_sql-4,10_3491474400644981095_true,19,0.592419,0.03118,0665206a738062fc40135852d5359182da357ccd026bd36dab1c81f5159ce3ca
fixed_sql-4,10_4613823412944004157_true,24,0.486039,0.020252,900b904f3d660d5d3945ac37a395d40d74717d8a07c45f5e13597effde553956
fixed_sql-4,10_-4202626520741838959_true,17,0.483162,0.028421,12e05f0048b04c42d73fa08be525c579118e635c63ada3ed0e8812d8d1023dd1
fixed_sql-4,10_1407442300845343054_true,17,0.410846,0.024167,11b39d76b8a64074fa231a30611cd671f641db90c85fff205bd04701a9e700fb
fixed_sql-4,10_5603963236059248545_true,18,0.410155,0.022786,1a7c7421aae884c9ad6dea6b7c7717e6cc103595ddcdbdfb235b5c8dee785c5c
fixed_sql-4,10_-5638955352960985681_true,24,0.217744,0.009073,506ebcd04bd91cb7937fc70d0015974155147795a1c46f002c0bb0fb06ec708d
fixed_sql-4,10_6617438240737550109_true,0,0.0,"",e3f26b4e29b4a7250e7771ea0f1047eb5bbde6b9e4ae3570b6725623a388fa6c
fixed_sql-4,10_831126298545652160_true,0,0.0,"",7216db1b4f01955b020adfdaf0d1537d45f7e7ada3bcb50563d14cf0134deccf
fixed_sql-4,10_-2009659903980438264_true,0,0.0,"",af0f73f4c1b00b9ef923a36431f245937f4a1746f3a94effdeddc55b59c97663
fixed_sql-4,10_6097083398544187049_true,0,0.0,"",79663c1d3b43ceaf9ee728e501c64b57ae2e4d6cb36ff5c65eddcda1de27342f
fixed_sql-4,10_-3860739276665616125_true,0,0.0,"",a3ba3c2b1babefc6a0d87dee1697a42c514b779b41f724f94f2f7b03a3f2cc4f
fixed_sql-4,10_1779149457895871573_true,0,0.0,"",54e5d7d708a74c6fd6544d783f0a2a1e30b8b6a5227d6da2495a76df03d8d2a8
fixed_sql-4,10_-7676915344437841334_true,0,0.0,"",587fa628a9fe4642ac0e22825a97e81d388af674f7251a9fb699f96901dcb710
added_sql-1,10_1033802039123175271_true,288,633.999554,2.201387,e819be7fb057a82b354deac1ce64d7a14ca65977f53ef48880ce60e7c39d25d1
added_sql-1,10_-6842937031447782956_true,576,319.3038,0.554347,00b521f1d47ad8f9260913ab55502fd00e830befb813e1cd4c76e5d5b4f28d71
added_sql-1,10_-4809885398804894281_true,576,204.258472,0.354615,92ce1667148ac440c8788c3d3af00d2c3b9422ff8d9e0859d4748a74389b9996
added_sql-1,10_-7159942097980501218_true,288,125.272172,0.434973,6ae7b188f5d5f6f8fb8fcba3b92b5a772061a6f4b373bde9ca538360aa483b33
added_sql-1,10_3077585829638170063_true,288,118.993807,0.413173,687e79bbc1ec03b14f500126657c21c6a06eb4298839db2c813f29dda3833373
added_sql-1,10_2267975671437662225_true,288,61.016826,0.211864,7c1209b5f81463c042e65511d9fc2660c84845d54e555b315f3e021244da0e43
added_sql-1,10_-1052881757650665872_true,288,60.194712,0.209009,fd5eb69aa72a67eaa6834c3b8a7cd13d1ce88f4afb01f6ba3a2afff48fa5e00a
added_sql-1,10_-4819928050126555128_true,288,50.449039,0.17517,477d13bbca42f7fea2eee5fae48829f553932ea70abc08f3481950fc111f9933
added_sql-1,10_4656313577910830320_true,288,47.732771,0.165739,a594e138cb3d18f9604403cdd6e641756e815005e18689fc566d5d947409de4e
added_sql-1,10_1767282781953035540_true,576,44.440562,0.077154,0f293e8ff0f0e1890d430270763675b49f06f33b864106eeefe2ab77c810e8c8
added_sql-1,10_-1402584087708913972_true,1728,41.62921,0.024091,352fbeb1379fc328ef8b1508b0dce3809dedf7bcc37380bf175c27ba5d47aaaf
added_sql-1,10_1731465853063539113_true,288,36.333897,0.126159,5be3a8d53aceda658f2dae7a68e2fe254eaaadbdd41d490face8824895d710b4
added_sql-1,10_9091044686983837465_true,576,35.782388,0.062122,84dfa94eec8a34624f7259661a2e4558d8950e4987d2799e4d4d959131dc4ff6
added_sql-1,10_-7477484057581112166_true,1152,31.362812,0.027225,9627c3632787ab65dc8f8cd646685704337a625e64ba1c45ceeaa719fe208304
added_sql-1,10_8085437714887874422_true,576,24.242922,0.042088,1a5346cdb428ad7e820bb07aee152260cab9a3ebbf0f2b06567f88f9a6f02341
added_sql-1,10_-2855378371138922046_true,1152,23.846893,0.0207,1e355565d2f9d2d725a6c113ab9c3cbd5f0a1e079360fa050b0f7d154a00ecfb
added_sql-1,10_272815608956864943_true,864,20.266243,0.023456,19fcbfeabe76d434f20ea5fae408ee9841da6e733f879379f7efbbdd715c56e2
added_sql-1,10_1516204262266125831_true,576,12.288787,0.021335,e169d97b39de2de9e691007670fd3af5dbde5d70d56d831386a92f310ca3ea15
added_sql-1,10_-5239448546576074090_true,288,8.329972,0.028924,0be1f76876c6d9a758e837f5a84b512f0e4fd26933058437b47ca0b26edbe5e6
added_sql-1,10_2096569030600054063_true,288,7.409246,0.025727,c9e8e165a338ac836ded5aa8f5e86a0385b9bfe21d62581fb04832d3db7a1436
added_sql-1,10_-3832981572635927287_true,288,6.242607,0.021676,b9aa0556b6ebbf56a3dc07649ba62fc021fcc1b4ab045cfb1ec487d7709924ad
added_sql-1,10_-6238842771805104800_true,288,6.191708,0.021499,49773b6f878393bd324582d4599c51543223cec6aa2311d43a8b7efad1a9c68f
added_sql-1,10_3175560230803026983_true,288,3.899697,0.013541,7e4a7862cfb3876ac23318104c891ea05802ddda717ec18dcd7b96526b130cb1
added_sql-1,10_-5198611253100323484_true,288,3.817131,0.013254,7023ede274147bdf32196bb22065e88162316eb4895843571324ba855be65e93
added_sql-1,10_8004310239819770328_true,288,3.681768,0.012784,9bfad657bb875e10805ca81a661d09001022e8a32b91c57d1d8a4bd9cd0a53c9
added_sql-1,10_614676945849492516_true,4,3.228754,0.807189,62b398df9124d865936994039a924eb7b70f9c5572e7030bf0c2a251bcea333a
added_sql-1,10_4854991825702068830_true,2309,1.293994,0.00056,a8402858d4f1e1d27afee976520485ebb4b96a5387355b823f0d0b8079729032
added_sql-1,10_-6339237704490227906_true,576,0.844616,0.001466,2461f8bb8070d8f1e4e669943dfb1cc042ed3e05c56721efdd125ae68b55f78c
added_sql-1,10_-2009659903980438264_true,2,0.204487,0.102243,af0f73f4c1b00b9ef923a36431f245937f4a1746f3a94effdeddc55b59c97663
added_sql-1,10_-4044405742537025589_true,4,0.175713,0.043928,9ac771e1d8b2ecc77c63ae37213074966f7a3917cea724e3d384926d06bbadae
added_sql-1,10_-4202626520741838959_true,5,0.112482,0.022496,12e05f0048b04c42d73fa08be525c579118e635c63ada3ed0e8812d8d1023dd1
added_sql-1,10_6617438240737550109_true,1,0.097193,0.097193,e3f26b4e29b4a7250e7771ea0f1047eb5bbde6b9e4ae3570b6725623a388fa6c
added_sql-1,10_3491474400644981095_true,4,0.094571,0.023643,0c6614ae587779f47879bc40e3dba399480d06a06661a10064934846709e9df4
added_sql-1,10_5603963236059248545_true,4,0.07855,0.019638,c4824c687a8bd39f8c08d9df08f6386571083d40c57fb9b145a1e4480b3f0962
added_sql-1,10_4613823412944004157_true,5,0.073467,0.014693,cc86dddcee9764940d1aa1beec3e930b230454e3f7ca3d8c2e234989567f824b
added_sql-1,10_1407442300845343054_true,4,0.050163,0.012541,4a59fed636fa6cc37f980842ae33a5c5925b30e7cd5c44df84428cd9aa9d0795
added_sql-1,10_-5638955352960985681_true,5,0.043341,0.008668,506ebcd04bd91cb7937fc70d0015974155147795a1c46f002c0bb0fb06ec708d
added_sql-1,10_6097083398544187049_true,0,0.0,"",79663c1d3b43ceaf9ee728e501c64b57ae2e4d6cb36ff5c65eddcda1de27342f
added_sql-1,10_-7676915344437841334_true,0,0.0,"",587fa628a9fe4642ac0e22825a97e81d388af674f7251a9fb699f96901dcb710
added_sql-1,10_-3860739276665616125_true,0,0.0,"",a3ba3c2b1babefc6a0d87dee1697a42c514b779b41f724f94f2f7b03a3f2cc4f
added_sql-1,10_1779149457895871573_true,0,0.0,"",54e5d7d708a74c6fd6544d783f0a2a1e30b8b6a5227d6da2495a76df03d8d2a8
added_sql-1,10_831126298545652160_true,0,0.0,"",7216db1b4f01955b020adfdaf0d1537d45f7e7ada3bcb50563d14cf0134deccf
added_sql-2,10_1033802039123175271_true,288,3146.768264,10.926279,e819be7fb057a82b354deac1ce64d7a14ca65977f53ef48880ce60e7c39d25d1
added_sql-2,10_-6842937031447782956_true,576,412.990254,0.716997,00b521f1d47ad8f9260913ab55502fd00e830befb813e1cd4c76e5d5b4f28d71
added_sql-2,10_-4809885398804894281_true,576,281.866263,0.489351,92ce1667148ac440c8788c3d3af00d2c3b9422ff8d9e0859d4748a74389b9996
added_sql-2,10_-7159942097980501218_true,288,155.966042,0.541549,6ae7b188f5d5f6f8fb8fcba3b92b5a772061a6f4b373bde9ca538360aa483b33
added_sql-2,10_3077585829638170063_true,288,140.263271,0.487025,687e79bbc1ec03b14f500126657c21c6a06eb4298839db2c813f29dda3833373
added_sql-2,10_2267975671437662225_true,288,71.818991,0.249371,29d56bfe2e9480a41b37312aa86c8dc70f43c8f3f74a07ee4d354ee468c5e9d3
added_sql-2,10_-1052881757650665872_true,288,69.684223,0.241959,fd5eb69aa72a67eaa6834c3b8a7cd13d1ce88f4afb01f6ba3a2afff48fa5e00a
added_sql-2,10_-4819928050126555128_true,288,63.531953,0.220597,477d13bbca42f7fea2eee5fae48829f553932ea70abc08f3481950fc111f9933
added_sql-2,10_4656313577910830320_true,288,61.525489,0.21363,a594e138cb3d18f9604403cdd6e641756e815005e18689fc566d5d947409de4e
added_sql-2,10_-1402584087708913972_true,1728,50.944026,0.029481,352fbeb1379fc328ef8b1508b0dce3809dedf7bcc37380bf175c27ba5d47aaaf
added_sql-2,10_1767282781953035540_true,576,42.484868,0.073758,0f293e8ff0f0e1890d430270763675b49f06f33b864106eeefe2ab77c810e8c8
added_sql-2,10_9091044686983837465_true,576,41.16858,0.071473,84dfa94eec8a34624f7259661a2e4558d8950e4987d2799e4d4d959131dc4ff6
added_sql-2,10_1731465853063539113_true,288,40.795422,0.141651,5be3a8d53aceda658f2dae7a68e2fe254eaaadbdd41d490face8824895d710b4
added_sql-2,10_-7477484057581112166_true,1152,40.355082,0.03503,9627c3632787ab65dc8f8cd646685704337a625e64ba1c45ceeaa719fe208304
added_sql-2,10_-2855378371138922046_true,1152,30.151051,0.026173,1e355565d2f9d2d725a6c113ab9c3cbd5f0a1e079360fa050b0f7d154a00ecfb
added_sql-2,10_8085437714887874422_true,576,23.475251,0.040756,1a5346cdb428ad7e820bb07aee152260cab9a3ebbf0f2b06567f88f9a6f02341
added_sql-2,10_272815608956864943_true,864,21.596453,0.024996,19fcbfeabe76d434f20ea5fae408ee9841da6e733f879379f7efbbdd715c56e2
added_sql-2,10_1516204262266125831_true,576,19.83236,0.034431,e169d97b39de2de9e691007670fd3af5dbde5d70d56d831386a92f310ca3ea15
added_sql-2,10_614676945849492516_true,10,10.53061,1.053061,62b398df9124d865936994039a924eb7b70f9c5572e7030bf0c2a251bcea333a
added_sql-2,10_-5239448546576074090_true,288,10.228893,0.035517,0be1f76876c6d9a758e837f5a84b512f0e4fd26933058437b47ca0b26edbe5e6
added_sql-2,10_-3832981572635927287_true,288,8.442256,0.029313,b9aa0556b6ebbf56a3dc07649ba62fc021fcc1b4ab045cfb1ec487d7709924ad
added_sql-2,10_2096569030600054063_true,288,8.14872,0.028294,c9e8e165a338ac836ded5aa8f5e86a0385b9bfe21d62581fb04832d3db7a1436
added_sql-2,10_-6238842771805104800_true,288,7.588317,0.026348,49773b6f878393bd324582d4599c51543223cec6aa2311d43a8b7efad1a9c68f
added_sql-2,10_8004310239819770328_true,288,6.551267,0.022747,9bfad657bb875e10805ca81a661d09001022e8a32b91c57d1d8a4bd9cd0a53c9
added_sql-2,10_-5198611253100323484_true,288,5.238429,0.018189,7023ede274147bdf32196bb22065e88162316eb4895843571324ba855be65e93
added_sql-2,10_3175560230803026983_true,288,4.540318,0.015765,7e4a7862cfb3876ac23318104c891ea05802ddda717ec18dcd7b96526b130cb1
added_sql-2,10_4854991825702068830_true,2314,1.467796,0.000634,a8402858d4f1e1d27afee976520485ebb4b96a5387355b823f0d0b8079729032
added_sql-2,10_-6339237704490227906_true,576,1.038489,0.001803,2461f8bb8070d8f1e4e669943dfb1cc042ed3e05c56721efdd125ae68b55f78c
added_sql-2,10_-4044405742537025589_true,10,0.560813,0.056081,9ac771e1d8b2ecc77c63ae37213074966f7a3917cea724e3d384926d06bbadae
added_sql-2,10_-2009659903980438264_true,2,0.235606,0.117803,af0f73f4c1b00b9ef923a36431f245937f4a1746f3a94effdeddc55b59c97663
added_sql-2,10_3491474400644981095_true,10,0.229302,0.02293,0665206a738062fc40135852d5359182da357ccd026bd36dab1c81f5159ce3ca
added_sql-2,10_-4202626520741838959_true,10,0.227499,0.02275,12e05f0048b04c42d73fa08be525c579118e635c63ada3ed0e8812d8d1023dd1
added_sql-2,10_1407442300845343054_true,10,0.161243,0.016124,11b39d76b8a64074fa231a30611cd671f641db90c85fff205bd04701a9e700fb
added_sql-2,10_6617438240737550109_true,2,0.148901,0.074451,e3f26b4e29b4a7250e7771ea0f1047eb5bbde6b9e4ae3570b6725623a388fa6c
added_sql-2,10_5603963236059248545_true,10,0.147187,0.014719,1a7c7421aae884c9ad6dea6b7c7717e6cc103595ddcdbdfb235b5c8dee785c5c
added_sql-2,10_4613823412944004157_true,8,0.113335,0.014167,cc86dddcee9764940d1aa1beec3e930b230454e3f7ca3d8c2e234989567f824b
added_sql-2,10_-5638955352960985681_true,8,0.061225,0.007653,506ebcd04bd91cb7937fc70d0015974155147795a1c46f002c0bb0fb06ec708d
added_sql-2,10_-3860739276665616125_true,0,0.0,"",a3ba3c2b1babefc6a0d87dee1697a42c514b779b41f724f94f2f7b03a3f2cc4f
added_sql-2,10_1779149457895871573_true,0,0.0,"",54e5d7d708a74c6fd6544d783f0a2a1e30b8b6a5227d6da2495a76df03d8d2a8
added_sql-2,10_6097083398544187049_true,0,0.0,"",79663c1d3b43ceaf9ee728e501c64b57ae2e4d6cb36ff5c65eddcda1de27342f
added_sql-2,10_-7676915344437841334_true,0,0.0,"",587fa628a9fe4642ac0e22825a97e81d388af674f7251a9fb699f96901dcb710
added_sql-2,10_831126298545652160_true,0,0.0,"",7216db1b4f01955b020adfdaf0d1537d45f7e7ada3bcb50563d14cf0134deccf
added_sql-4,10_1033802039123175271_true,288,10704.334191,37.167827,e819be7fb057a82b354deac1ce64d7a14ca65977f53ef48880ce60e7c39d25d1
added_sql-4,10_-6842937031447782956_true,576,491.041899,0.852503,00b521f1d47ad8f9260913ab55502fd00e830befb813e1cd4c76e5d5b4f28d71
added_sql-4,10_-4809885398804894281_true,576,314.622113,0.546219,92ce1667148ac440c8788c3d3af00d2c3b9422ff8d9e0859d4748a74389b9996
added_sql-4,10_-7159942097980501218_true,288,185.807764,0.645166,6ae7b188f5d5f6f8fb8fcba3b92b5a772061a6f4b373bde9ca538360aa483b33
added_sql-4,10_3077585829638170063_true,288,174.719503,0.606665,687e79bbc1ec03b14f500126657c21c6a06eb4298839db2c813f29dda3833373
added_sql-4,10_-4819928050126555128_true,288,81.079876,0.281527,477d13bbca42f7fea2eee5fae48829f553932ea70abc08f3481950fc111f9933
added_sql-4,10_2267975671437662225_true,288,80.380481,0.279099,7c1209b5f81463c042e65511d9fc2660c84845d54e555b315f3e021244da0e43
added_sql-4,10_-1052881757650665872_true,288,78.28175,0.271812,fd5eb69aa72a67eaa6834c3b8a7cd13d1ce88f4afb01f6ba3a2afff48fa5e00a
added_sql-4,10_4656313577910830320_true,288,70.622125,0.245216,a594e138cb3d18f9604403cdd6e641756e815005e18689fc566d5d947409de4e
added_sql-4,10_-1402584087708913972_true,1728,57.202571,0.033103,352fbeb1379fc328ef8b1508b0dce3809dedf7bcc37380bf175c27ba5d47aaaf
added_sql-4,10_1767282781953035540_true,576,53.653587,0.093149,0f293e8ff0f0e1890d430270763675b49f06f33b864106eeefe2ab77c810e8c8
added_sql-4,10_-7477484057581112166_true,1152,47.166884,0.040943,9627c3632787ab65dc8f8cd646685704337a625e64ba1c45ceeaa719fe208304
added_sql-4,10_1731465853063539113_true,288,46.831296,0.162609,5be3a8d53aceda658f2dae7a68e2fe254eaaadbdd41d490face8824895d710b4
added_sql-4,10_9091044686983837465_true,576,46.080568,0.080001,84dfa94eec8a34624f7259661a2e4558d8950e4987d2799e4d4d959131dc4ff6
added_sql-4,10_614676945849492516_true,21,34.902374,1.662018,62b398df9124d865936994039a924eb7b70f9c5572e7030bf0c2a251bcea333a
added_sql-4,10_-2855378371138922046_true,1152,33.594482,0.029162,1e355565d2f9d2d725a6c113ab9c3cbd5f0a1e079360fa050b0f7d154a00ecfb
added_sql-4,10_8085437714887874422_true,576,28.727069,0.049873,1a5346cdb428ad7e820bb07aee152260cab9a3ebbf0f2b06567f88f9a6f02341
added_sql-4,10_272815608956864943_true,864,28.684462,0.0332,19fcbfeabe76d434f20ea5fae408ee9841da6e733f879379f7efbbdd715c56e2
added_sql-4,10_3175560230803026983_true,288,25.702354,0.089244,7e4a7862cfb3876ac23318104c891ea05802ddda717ec18dcd7b96526b130cb1
added_sql-4,10_1516204262266125831_true,576,18.562473,0.032227,e169d97b39de2de9e691007670fd3af5dbde5d70d56d831386a92f310ca3ea15
added_sql-4,10_-5239448546576074090_true,288,13.282378,0.046119,0be1f76876c6d9a758e837f5a84b512f0e4fd26933058437b47ca0b26edbe5e6
added_sql-4,10_-6238842771805104800_true,288,10.249038,0.035587,49773b6f878393bd324582d4599c51543223cec6aa2311d43a8b7efad1a9c68f
added_sql-4,10_2096569030600054063_true,288,9.773337,0.033935,c9e8e165a338ac836ded5aa8f5e86a0385b9bfe21d62581fb04832d3db7a1436
added_sql-4,10_-3832981572635927287_true,288,9.475573,0.032901,b9aa0556b6ebbf56a3dc07649ba62fc021fcc1b4ab045cfb1ec487d7709924ad
added_sql-4,10_-5198611253100323484_true,288,7.181318,0.024935,7023ede274147bdf32196bb22065e88162316eb4895843571324ba855be65e93
added_sql-4,10_8004310239819770328_true,288,6.943268,0.024109,9bfad657bb875e10805ca81a661d09001022e8a32b91c57d1d8a4bd9cd0a53c9
added_sql-4,10_3491474400644981095_true,20,5.767517,0.288376,0665206a738062fc40135852d5359182da357ccd026bd36dab1c81f5159ce3ca
added_sql-4,10_4854991825702068830_true,2324,1.647384,0.000709,a8402858d4f1e1d27afee976520485ebb4b96a5387355b823f0d0b8079729032
added_sql-4,10_-6339237704490227906_true,576,1.326613,0.002303,2461f8bb8070d8f1e4e669943dfb1cc042ed3e05c56721efdd125ae68b55f78c
added_sql-4,10_-4044405742537025589_true,21,0.749004,0.035667,9ac771e1d8b2ecc77c63ae37213074966f7a3917cea724e3d384926d06bbadae
added_sql-4,10_-4202626520741838959_true,20,0.522979,0.026149,35d6b5d0dab59bcf346cc54bebdd8dfd4cba73055c7c61ac466ba5d037ad08f0
added_sql-4,10_4613823412944004157_true,24,0.432814,0.018034,cc86dddcee9764940d1aa1beec3e930b230454e3f7ca3d8c2e234989567f824b
added_sql-4,10_5603963236059248545_true,20,0.404595,0.02023,1a7c7421aae884c9ad6dea6b7c7717e6cc103595ddcdbdfb235b5c8dee785c5c
added_sql-4,10_-2009659903980438264_true,3,0.38064,0.12688,af0f73f4c1b00b9ef923a36431f245937f4a1746f3a94effdeddc55b59c97663
added_sql-4,10_1407442300845343054_true,20,0.336429,0.016821,11b39d76b8a64074fa231a30611cd671f641db90c85fff205bd04701a9e700fb
added_sql-4,10_-5638955352960985681_true,24,0.240634,0.010026,506ebcd04bd91cb7937fc70d0015974155147795a1c46f002c0bb0fb06ec708d
added_sql-4,10_6617438240737550109_true,3,0.213322,0.071107,e3f26b4e29b4a7250e7771ea0f1047eb5bbde6b9e4ae3570b6725623a388fa6c
added_sql-4,10_-3860739276665616125_true,0,0.0,"",a3ba3c2b1babefc6a0d87dee1697a42c514b779b41f724f94f2f7b03a3f2cc4f
added_sql-4,10_1779149457895871573_true,0,0.0,"",54e5d7d708a74c6fd6544d783f0a2a1e30b8b6a5227d6da2495a76df03d8d2a8
added_sql-4,10_6097083398544187049_true,0,0.0,"",79663c1d3b43ceaf9ee728e501c64b57ae2e4d6cb36ff5c65eddcda1de27342f
added_sql-4,10_-7676915344437841334_true,0,0.0,"",587fa628a9fe4642ac0e22825a97e81d388af674f7251a9fb699f96901dcb710
added_sql-4,10_831126298545652160_true,0,0.0,"",7216db1b4f01955b020adfdaf0d1537d45f7e7ada3bcb50563d14cf0134deccf
