snapshot,rows
added_sql-1--1-contended,42
added_sql-1--1-mixed,40
added_sql-1-0-contended,42
added_sql-1-0-mixed,42
added_sql-1-1-contended,42
added_sql-1-1-mixed,42
added_sql-1-2-contended,42
added_sql-1-2-mixed,42
added_sql-1-baseline,0
added_sql-2--1-contended,42
added_sql-2--1-mixed,40
added_sql-2-0-contended,42
added_sql-2-0-mixed,42
added_sql-2-1-contended,42
added_sql-2-1-mixed,42
added_sql-2-2-contended,42
added_sql-2-2-mixed,42
added_sql-2-baseline,0
added_sql-4--1-contended,42
added_sql-4--1-mixed,40
added_sql-4-0-contended,42
added_sql-4-0-mixed,42
added_sql-4-1-contended,42
added_sql-4-1-mixed,42
added_sql-4-2-contended,42
added_sql-4-2-mixed,42
added_sql-4-baseline,0
fixed_sql-1--1-contended,41
fixed_sql-1--1-mixed,39
fixed_sql-1-0-contended,42
fixed_sql-1-0-mixed,42
fixed_sql-1-1-contended,42
fixed_sql-1-1-mixed,42
fixed_sql-1-2-contended,42
fixed_sql-1-2-mixed,42
fixed_sql-1-baseline,0
fixed_sql-2--1-contended,42
fixed_sql-2--1-mixed,40
fixed_sql-2-0-contended,42
fixed_sql-2-0-mixed,42
fixed_sql-2-1-contended,42
fixed_sql-2-1-mixed,42
fixed_sql-2-2-contended,42
fixed_sql-2-2-mixed,42
fixed_sql-2-baseline,0
fixed_sql-4--1-contended,42
fixed_sql-4--1-mixed,40
fixed_sql-4-0-contended,42
fixed_sql-4-0-mixed,42
fixed_sql-4-1-contended,42
fixed_sql-4-1-mixed,42
fixed_sql-4-2-contended,42
fixed_sql-4-2-mixed,42
fixed_sql-4-baseline,0
