payload_bytes,sharing,concurrency,pool,path,sample,operations,batch_nanos,gets,get_bytes,jdbc_statements,hibernate_transactions,host_load_before,host_load_after
4096,disjoint,1,24,pinned,-2,4,120739886,4,16384,28,8,12.83984375,12.83984375
4096,disjoint,1,24,unsafe_unpinned_baseline,-2,4,29466777,4,16384,4,0,12.83984375,12.83984375
4096,disjoint,1,24,unsafe_unpinned_baseline,-1,4,27330181,4,16384,4,0,12.83984375,12.83984375
4096,disjoint,1,24,pinned,-1,4,40007035,4,16384,28,8,12.83984375,12.83984375
4096,disjoint,1,24,pinned,0,4,30238187,4,16384,28,8,12.83984375,12.83984375
4096,disjoint,1,24,unsafe_unpinned_baseline,0,4,10413769,4,16384,4,0,12.83984375,12.83984375
4096,disjoint,1,24,unsafe_unpinned_baseline,1,4,8489245,4,16384,4,0,12.83984375,12.83984375
4096,disjoint,1,24,pinned,1,4,17211992,4,16384,28,8,12.83984375,12.83984375
4096,disjoint,1,24,pinned,2,4,16071472,4,16384,28,8,12.83984375,12.83984375
4096,disjoint,1,24,unsafe_unpinned_baseline,2,4,7391856,4,16384,4,0,12.83984375,12.83984375
4096,disjoint,1,24,unsafe_unpinned_baseline,3,4,11080361,4,16384,4,0,12.83984375,12.83984375
4096,disjoint,1,24,pinned,3,4,17705185,4,16384,28,8,12.83984375,12.83984375
4096,disjoint,1,24,pinned,4,4,14381773,4,16384,28,8,12.83984375,12.83984375
4096,disjoint,1,24,unsafe_unpinned_baseline,4,4,9369632,4,16384,4,0,12.83984375,12.83984375
4096,disjoint,1,24,unsafe_unpinned_baseline,5,4,8581289,4,16384,4,0,12.83984375,12.83984375
4096,disjoint,1,24,pinned,5,4,18484481,4,16384,28,8,12.83984375,12.83984375
4096,disjoint,4,24,pinned,-2,16,41766116,16,65536,112,32,12.83984375,12.83984375
4096,disjoint,4,24,unsafe_unpinned_baseline,-2,16,22335202,16,65536,16,0,12.83984375,12.83984375
4096,disjoint,4,24,unsafe_unpinned_baseline,-1,16,15987853,16,65536,16,0,12.83984375,12.83984375
4096,disjoint,4,24,pinned,-1,16,33572451,16,65536,112,32,12.83984375,12.83984375
4096,disjoint,4,24,pinned,0,16,32306514,16,65536,112,32,12.83984375,12.83984375
4096,disjoint,4,24,unsafe_unpinned_baseline,0,16,16689052,16,65536,16,0,12.83984375,12.83984375
4096,disjoint,4,24,unsafe_unpinned_baseline,1,16,17524493,16,65536,16,0,12.83984375,12.83984375
4096,disjoint,4,24,pinned,1,16,24354586,16,65536,112,32,12.83984375,12.83984375
4096,disjoint,4,24,pinned,2,16,26626128,16,65536,112,32,12.83984375,12.83984375
4096,disjoint,4,24,unsafe_unpinned_baseline,2,16,25572142,16,65536,16,0,12.83984375,12.83984375
4096,disjoint,4,24,unsafe_unpinned_baseline,3,16,18079895,16,65536,16,0,12.83984375,12.83984375
4096,disjoint,4,24,pinned,3,16,27276389,16,65536,112,32,12.83984375,12.83984375
4096,disjoint,4,24,pinned,4,16,30580526,16,65536,112,32,12.83984375,12.83984375
4096,disjoint,4,24,unsafe_unpinned_baseline,4,16,18156611,16,65536,16,0,12.83984375,12.83984375
4096,disjoint,4,24,unsafe_unpinned_baseline,5,16,19723297,16,65536,16,0,12.83984375,12.83984375
4096,disjoint,4,24,pinned,5,16,29811629,16,65536,112,32,12.83984375,12.83984375
4096,disjoint,16,24,pinned,-2,64,95760778,64,262144,448,128,12.83984375,12.83984375
4096,disjoint,16,24,unsafe_unpinned_baseline,-2,64,68326390,64,262144,64,0,12.83984375,12.83984375
4096,disjoint,16,24,unsafe_unpinned_baseline,-1,64,61934806,64,262144,64,0,12.83984375,12.83984375
4096,disjoint,16,24,pinned,-1,64,74591943,64,262144,448,128,12.83984375,12.83984375
4096,disjoint,16,24,pinned,0,64,90169019,64,262144,448,128,12.83984375,12.83984375
4096,disjoint,16,24,unsafe_unpinned_baseline,0,64,81088906,64,262144,64,0,12.83984375,12.83984375
4096,disjoint,16,24,unsafe_unpinned_baseline,1,64,76919742,64,262144,64,0,12.83984375,12.83984375
4096,disjoint,16,24,pinned,1,64,87516196,64,262144,448,128,12.83984375,12.83984375
4096,disjoint,16,24,pinned,2,64,84485307,64,262144,448,128,12.83984375,12.83984375
4096,disjoint,16,24,unsafe_unpinned_baseline,2,64,78103893,64,262144,64,0,12.83984375,12.83984375
4096,disjoint,16,24,unsafe_unpinned_baseline,3,64,73551063,64,262144,64,0,12.83984375,12.83984375
4096,disjoint,16,24,pinned,3,64,96704625,64,262144,448,128,12.83984375,13.65380859375
4096,disjoint,16,24,pinned,4,64,100671406,64,262144,448,128,13.65380859375,13.65380859375
4096,disjoint,16,24,unsafe_unpinned_baseline,4,64,79372085,64,262144,64,0,13.65380859375,13.65380859375
4096,disjoint,16,24,unsafe_unpinned_baseline,5,64,74203407,64,262144,64,0,13.65380859375,13.65380859375
4096,disjoint,16,24,pinned,5,64,101473635,64,262144,448,128,13.65380859375,13.65380859375
4096,same_object,1,24,pinned,-2,4,17960279,4,16384,28,8,13.65380859375,13.65380859375
4096,same_object,1,24,unsafe_unpinned_baseline,-2,4,9782433,4,16384,4,0,13.65380859375,13.65380859375
4096,same_object,1,24,unsafe_unpinned_baseline,-1,4,15446138,4,16384,4,0,13.65380859375,13.65380859375
4096,same_object,1,24,pinned,-1,4,17381853,4,16384,28,8,13.65380859375,13.65380859375
4096,same_object,1,24,pinned,0,4,17052740,4,16384,28,8,13.65380859375,13.65380859375
4096,same_object,1,24,unsafe_unpinned_baseline,0,4,8931202,4,16384,4,0,13.65380859375,13.65380859375
4096,same_object,1,24,unsafe_unpinned_baseline,1,4,7661898,4,16384,4,0,13.65380859375,13.65380859375
4096,same_object,1,24,pinned,1,4,14843998,4,16384,28,8,13.65380859375,13.65380859375
4096,same_object,1,24,pinned,2,4,12033516,4,16384,28,8,13.65380859375,13.65380859375
4096,same_object,1,24,unsafe_unpinned_baseline,2,4,8150393,4,16384,4,0,13.65380859375,13.65380859375
4096,same_object,1,24,unsafe_unpinned_baseline,3,4,8587360,4,16384,4,0,13.65380859375,13.65380859375
4096,same_object,1,24,pinned,3,4,11300127,4,16384,28,8,13.65380859375,13.65380859375
4096,same_object,1,24,pinned,4,4,11596559,4,16384,28,8,13.65380859375,13.65380859375
4096,same_object,1,24,unsafe_unpinned_baseline,4,4,7254778,4,16384,4,0,13.65380859375,13.65380859375
4096,same_object,1,24,unsafe_unpinned_baseline,5,4,7356329,4,16384,4,0,13.65380859375,13.65380859375
4096,same_object,1,24,pinned,5,4,17142490,4,16384,28,8,13.65380859375,13.65380859375
4096,same_object,4,24,pinned,-2,16,26076838,16,65536,112,32,13.65380859375,13.65380859375
4096,same_object,4,24,unsafe_unpinned_baseline,-2,16,18427202,16,65536,16,0,13.65380859375,13.65380859375
4096,same_object,4,24,unsafe_unpinned_baseline,-1,16,17915484,16,65536,16,0,13.65380859375,13.65380859375
4096,same_object,4,24,pinned,-1,16,28041929,16,65536,112,32,13.65380859375,13.65380859375
4096,same_object,4,24,pinned,0,16,26520788,16,65536,112,32,13.65380859375,13.65380859375
4096,same_object,4,24,unsafe_unpinned_baseline,0,16,16671628,16,65536,16,0,13.65380859375,13.65380859375
4096,same_object,4,24,unsafe_unpinned_baseline,1,16,14442367,16,65536,16,0,13.65380859375,13.65380859375
4096,same_object,4,24,pinned,1,16,22757312,16,65536,112,32,13.65380859375,13.65380859375
4096,same_object,4,24,pinned,2,16,26684999,16,65536,112,32,13.65380859375,13.65380859375
4096,same_object,4,24,unsafe_unpinned_baseline,2,16,16490254,16,65536,16,0,13.65380859375,13.65380859375
4096,same_object,4,24,unsafe_unpinned_baseline,3,16,14760630,16,65536,16,0,13.65380859375,13.65380859375
4096,same_object,4,24,pinned,3,16,31561994,16,65536,112,32,13.65380859375,13.65380859375
4096,same_object,4,24,pinned,4,16,24697976,16,65536,112,32,13.65380859375,13.65380859375
4096,same_object,4,24,unsafe_unpinned_baseline,4,16,15317865,16,65536,16,0,13.65380859375,13.65380859375
4096,same_object,4,24,unsafe_unpinned_baseline,5,16,14546655,16,65536,16,0,13.65380859375,13.65380859375
4096,same_object,4,24,pinned,5,16,21985732,16,65536,112,32,13.65380859375,13.65380859375
4096,same_object,16,24,pinned,-2,64,119311923,64,262144,448,128,13.65380859375,13.65380859375
4096,same_object,16,24,unsafe_unpinned_baseline,-2,64,64092642,64,262144,64,0,13.65380859375,13.65380859375
4096,same_object,16,24,unsafe_unpinned_baseline,-1,64,64271360,64,262144,64,0,13.65380859375,13.65380859375
4096,same_object,16,24,pinned,-1,64,124891798,64,262144,448,128,13.65380859375,13.65380859375
4096,same_object,16,24,pinned,0,64,113338993,64,262144,448,128,13.65380859375,13.65380859375
4096,same_object,16,24,unsafe_unpinned_baseline,0,64,71815466,64,262144,64,0,13.65380859375,13.65380859375
4096,same_object,16,24,unsafe_unpinned_baseline,1,64,75085227,64,262144,64,0,13.65380859375,13.65380859375
4096,same_object,16,24,pinned,1,64,121285330,64,262144,448,128,13.65380859375,13.65380859375
4096,same_object,16,24,pinned,2,64,108347802,64,262144,448,128,13.65380859375,13.65380859375
4096,same_object,16,24,unsafe_unpinned_baseline,2,64,74832289,64,262144,64,0,13.65380859375,13.65380859375
4096,same_object,16,24,unsafe_unpinned_baseline,3,64,78371019,64,262144,64,0,13.65380859375,13.65380859375
4096,same_object,16,24,pinned,3,64,107426407,64,262144,448,128,13.65380859375,13.65380859375
4096,same_object,16,24,pinned,4,64,125567408,64,262144,448,128,13.65380859375,13.65380859375
4096,same_object,16,24,unsafe_unpinned_baseline,4,64,90405316,64,262144,64,0,13.65380859375,13.65380859375
4096,same_object,16,24,unsafe_unpinned_baseline,5,64,95509071,64,262144,64,0,13.65380859375,13.65380859375
4096,same_object,16,24,pinned,5,64,127226319,64,262144,448,128,13.65380859375,13.65380859375
262144,disjoint,1,24,pinned,-2,4,32417785,4,1048576,28,8,13.921875,13.921875
262144,disjoint,1,24,unsafe_unpinned_baseline,-2,4,14842164,4,1048576,4,0,13.921875,13.921875
262144,disjoint,1,24,unsafe_unpinned_baseline,-1,4,13099374,4,1048576,4,0,13.921875,13.921875
262144,disjoint,1,24,pinned,-1,4,27370597,4,1048576,28,8,13.921875,13.921875
262144,disjoint,1,24,pinned,0,4,19728246,4,1048576,28,8,13.921875,13.921875
262144,disjoint,1,24,unsafe_unpinned_baseline,0,4,9282256,4,1048576,4,0,13.921875,13.921875
262144,disjoint,1,24,unsafe_unpinned_baseline,1,4,7151030,4,1048576,4,0,13.921875,13.921875
262144,disjoint,1,24,pinned,1,4,21887255,4,1048576,28,8,13.921875,13.921875
262144,disjoint,1,24,pinned,2,4,18495952,4,1048576,28,8,13.921875,13.921875
262144,disjoint,1,24,unsafe_unpinned_baseline,2,4,5921192,4,1048576,4,0,13.921875,13.921875
262144,disjoint,1,24,unsafe_unpinned_baseline,3,4,8027049,4,1048576,4,0,13.921875,13.921875
262144,disjoint,1,24,pinned,3,4,11370130,4,1048576,28,8,13.921875,13.921875
262144,disjoint,1,24,pinned,4,4,19562552,4,1048576,28,8,13.921875,13.921875
262144,disjoint,1,24,unsafe_unpinned_baseline,4,4,15022416,4,1048576,4,0,13.921875,13.921875
262144,disjoint,1,24,unsafe_unpinned_baseline,5,4,7016667,4,1048576,4,0,13.921875,13.921875
262144,disjoint,1,24,pinned,5,4,14854748,4,1048576,28,8,13.921875,13.921875
262144,disjoint,4,24,pinned,-2,16,28591780,16,4194304,112,32,13.921875,13.921875
262144,disjoint,4,24,unsafe_unpinned_baseline,-2,16,19997315,16,4194304,16,0,13.921875,13.921875
262144,disjoint,4,24,unsafe_unpinned_baseline,-1,16,26032264,16,4194304,16,0,13.921875,13.921875
262144,disjoint,4,24,pinned,-1,16,32565364,16,4194304,112,32,13.921875,13.921875
262144,disjoint,4,24,pinned,0,16,34963295,16,4194304,112,32,13.921875,13.921875
262144,disjoint,4,24,unsafe_unpinned_baseline,0,16,21960844,16,4194304,16,0,13.921875,13.921875
262144,disjoint,4,24,unsafe_unpinned_baseline,1,16,25328100,16,4194304,16,0,13.921875,13.921875
262144,disjoint,4,24,pinned,1,16,29900318,16,4194304,112,32,13.921875,13.921875
262144,disjoint,4,24,pinned,2,16,42304005,16,4194304,112,32,13.921875,13.921875
262144,disjoint,4,24,unsafe_unpinned_baseline,2,16,28755851,16,4194304,16,0,13.921875,13.921875
262144,disjoint,4,24,unsafe_unpinned_baseline,3,16,31821856,16,4194304,16,0,13.921875,13.921875
262144,disjoint,4,24,pinned,3,16,45253280,16,4194304,112,32,13.921875,13.921875
262144,disjoint,4,24,pinned,4,16,36178286,16,4194304,112,32,13.921875,13.921875
262144,disjoint,4,24,unsafe_unpinned_baseline,4,16,29719084,16,4194304,16,0,13.921875,13.921875
262144,disjoint,4,24,unsafe_unpinned_baseline,5,16,26836246,16,4194304,16,0,13.921875,13.921875
262144,disjoint,4,24,pinned,5,16,31180051,16,4194304,112,32,13.921875,13.921875
262144,disjoint,16,24,pinned,-2,64,109700843,64,16777216,448,128,13.921875,13.921875
262144,disjoint,16,24,unsafe_unpinned_baseline,-2,64,100076078,64,16777216,64,0,13.921875,13.921875
262144,disjoint,16,24,unsafe_unpinned_baseline,-1,64,103338306,64,16777216,64,0,13.921875,13.921875
262144,disjoint,16,24,pinned,-1,64,123500283,64,16777216,448,128,13.921875,13.921875
262144,disjoint,16,24,pinned,0,64,148614849,64,16777216,448,128,13.921875,13.921875
262144,disjoint,16,24,unsafe_unpinned_baseline,0,64,111165236,64,16777216,64,0,13.921875,13.921875
262144,disjoint,16,24,unsafe_unpinned_baseline,1,64,104509704,64,16777216,64,0,13.921875,13.921875
262144,disjoint,16,24,pinned,1,64,115244080,64,16777216,448,128,13.921875,13.921875
262144,disjoint,16,24,pinned,2,64,114944944,64,16777216,448,128,13.921875,13.921875
262144,disjoint,16,24,unsafe_unpinned_baseline,2,64,108043355,64,16777216,64,0,13.921875,13.921875
262144,disjoint,16,24,unsafe_unpinned_baseline,3,64,99539062,64,16777216,64,0,13.921875,13.921875
262144,disjoint,16,24,pinned,3,64,88855993,64,16777216,448,128,13.921875,13.921875
262144,disjoint,16,24,pinned,4,64,96229625,64,16777216,448,128,13.921875,13.921875
262144,disjoint,16,24,unsafe_unpinned_baseline,4,64,85960019,64,16777216,64,0,13.921875,13.921875
262144,disjoint,16,24,unsafe_unpinned_baseline,5,64,79076104,64,16777216,64,0,13.921875,13.921875
262144,disjoint,16,24,pinned,5,64,100039920,64,16777216,448,128,13.921875,13.921875
262144,same_object,1,24,pinned,-2,4,20054474,4,1048576,28,8,13.921875,13.921875
262144,same_object,1,24,unsafe_unpinned_baseline,-2,4,11742204,4,1048576,4,0,13.921875,13.921875
262144,same_object,1,24,unsafe_unpinned_baseline,-1,4,11229995,4,1048576,4,0,13.921875,13.921875
262144,same_object,1,24,pinned,-1,4,17050847,4,1048576,28,8,13.921875,13.921875
262144,same_object,1,24,pinned,0,4,12084102,4,1048576,28,8,13.921875,13.921875
262144,same_object,1,24,unsafe_unpinned_baseline,0,4,9092296,4,1048576,4,0,13.921875,13.921875
262144,same_object,1,24,unsafe_unpinned_baseline,1,4,11550542,4,1048576,4,0,13.921875,13.921875
262144,same_object,1,24,pinned,1,4,23299709,4,1048576,28,8,13.921875,13.921875
262144,same_object,1,24,pinned,2,4,15645856,4,1048576,28,8,13.921875,13.921875
262144,same_object,1,24,unsafe_unpinned_baseline,2,4,7547862,4,1048576,4,0,13.921875,13.921875
262144,same_object,1,24,unsafe_unpinned_baseline,3,4,12333715,4,1048576,4,0,13.921875,13.921875
262144,same_object,1,24,pinned,3,4,20143102,4,1048576,28,8,13.921875,13.921875
262144,same_object,1,24,pinned,4,4,16675847,4,1048576,28,8,13.921875,13.921875
262144,same_object,1,24,unsafe_unpinned_baseline,4,4,14104989,4,1048576,4,0,13.921875,13.921875
262144,same_object,1,24,unsafe_unpinned_baseline,5,4,11022862,4,1048576,4,0,13.921875,13.921875
262144,same_object,1,24,pinned,5,4,20065215,4,1048576,28,8,13.921875,13.921875
262144,same_object,4,24,pinned,-2,16,29546327,16,4194304,112,32,13.921875,13.921875
262144,same_object,4,24,unsafe_unpinned_baseline,-2,16,23230328,16,4194304,16,0,13.921875,13.921875
262144,same_object,4,24,unsafe_unpinned_baseline,-1,16,29630607,16,4194304,16,0,13.921875,13.921875
262144,same_object,4,24,pinned,-1,16,42036217,16,4194304,112,32,13.921875,13.921875
262144,same_object,4,24,pinned,0,16,42104968,16,4194304,112,32,13.921875,13.921875
262144,same_object,4,24,unsafe_unpinned_baseline,0,16,25415996,16,4194304,16,0,13.921875,13.921875
262144,same_object,4,24,unsafe_unpinned_baseline,1,16,21728363,16,4194304,16,0,13.921875,13.921875
262144,same_object,4,24,pinned,1,16,43086846,16,4194304,112,32,13.921875,13.921875
262144,same_object,4,24,pinned,2,16,33344890,16,4194304,112,32,13.921875,13.921875
262144,same_object,4,24,unsafe_unpinned_baseline,2,16,26317113,16,4194304,16,0,13.921875,13.921875
262144,same_object,4,24,unsafe_unpinned_baseline,3,16,28235194,16,4194304,16,0,13.921875,13.921875
262144,same_object,4,24,pinned,3,16,46274113,16,4194304,112,32,13.921875,13.921875
262144,same_object,4,24,pinned,4,16,53033452,16,4194304,112,32,13.921875,13.921875
262144,same_object,4,24,unsafe_unpinned_baseline,4,16,26220620,16,4194304,16,0,13.921875,13.921875
262144,same_object,4,24,unsafe_unpinned_baseline,5,16,25007934,16,4194304,16,0,13.921875,13.921875
262144,same_object,4,24,pinned,5,16,45393885,16,4194304,112,32,13.921875,13.921875
262144,same_object,16,24,pinned,-2,64,148048367,64,16777216,448,128,13.921875,13.921875
262144,same_object,16,24,unsafe_unpinned_baseline,-2,64,93606739,64,16777216,64,0,13.921875,13.921875
262144,same_object,16,24,unsafe_unpinned_baseline,-1,64,115692839,64,16777216,64,0,13.921875,13.921875
262144,same_object,16,24,pinned,-1,64,137320092,64,16777216,448,128,13.921875,13.921875
262144,same_object,16,24,pinned,0,64,148857960,64,16777216,448,128,13.921875,14.40869140625
262144,same_object,16,24,unsafe_unpinned_baseline,0,64,80588618,64,16777216,64,0,14.40869140625,14.40869140625
262144,same_object,16,24,unsafe_unpinned_baseline,1,64,75233137,64,16777216,64,0,14.40869140625,14.40869140625
262144,same_object,16,24,pinned,1,64,125124329,64,16777216,448,128,14.40869140625,14.40869140625
262144,same_object,16,24,pinned,2,64,115825080,64,16777216,448,128,14.40869140625,14.40869140625
262144,same_object,16,24,unsafe_unpinned_baseline,2,64,104618359,64,16777216,64,0,14.40869140625,14.40869140625
262144,same_object,16,24,unsafe_unpinned_baseline,3,64,106876396,64,16777216,64,0,14.40869140625,14.40869140625
262144,same_object,16,24,pinned,3,64,142188130,64,16777216,448,128,14.40869140625,14.40869140625
262144,same_object,16,24,pinned,4,64,156552640,64,16777216,448,128,14.40869140625,14.40869140625
262144,same_object,16,24,unsafe_unpinned_baseline,4,64,120673952,64,16777216,64,0,14.40869140625,14.40869140625
262144,same_object,16,24,unsafe_unpinned_baseline,5,64,117059978,64,16777216,64,0,14.40869140625,14.40869140625
262144,same_object,16,24,pinned,5,64,228052608,64,16777216,448,128,14.40869140625,14.40869140625
