module	class	tests	failures	errors	skipped
container	ai.protomolt.proto.repo.container.archive.ArchiveMetadataMigrationIT	1	0	0	0
container	ai.protomolt.proto.repo.container.archive.ArchiveMutationLedgerIT	7	0	0	0
container	ai.protomolt.proto.repo.container.archive.ArchiveStatisticsIT	12	0	0	0
container	ai.protomolt.proto.repo.container.archive.ArchiveStatisticsMigrationIT	7	0	0	0
container	ai.protomolt.proto.repo.container.ledger.ArchiveBackupQualificationIT	10	0	0	10
container	ai.protomolt.proto.repo.container.ledger.ArchiveCleanupLedgerIT	1	0	0	0
container	ai.protomolt.proto.repo.container.ledger.ArchiveExternalQuiescenceIT	2	0	0	0
container	ai.protomolt.proto.repo.container.ledger.ArchiveMetadataRevisionIT	1	0	0	0
container	ai.protomolt.proto.repo.container.ledger.ArchiveObjectLedgerIT	2	0	0	0
container	ai.protomolt.proto.repo.container.ledger.ArchivePublicationBindingIT	5	0	0	0
container	ai.protomolt.proto.repo.container.ledger.ArchiveReadCallIT	4	0	0	0
container	ai.protomolt.proto.repo.container.ledger.ArchiveReaderIncarnationIT	7	0	0	0
container	ai.protomolt.proto.repo.container.ledger.ArchiveReaderLockMigrationIT	1	0	0	0
container	ai.protomolt.proto.repo.container.ledger.ArchiveReadQuiescenceIT	8	0	0	0
container	ai.protomolt.proto.repo.container.ledger.ArchiveRetainedRevisionIT	4	0	0	0
container	ai.protomolt.proto.repo.container.ledger.ArchiveRetentionConcurrencyIT	18	0	0	0
container	ai.protomolt.proto.repo.container.ledger.ArchiveRevisionMigrationIT	1	0	0	0
container	ai.protomolt.proto.repo.container.ledger.ArchiveUploadLedgerIT	3	0	0	0
service	ai.protomolt.proto.repo.service.ArchiveBridgeIT	14	0	0	0
service	ai.protomolt.proto.repo.service.ArchiveCatalogIT	4	0	0	0
service	ai.protomolt.proto.repo.service.ArchiveClassificationIT	10	0	0	0
service	ai.protomolt.proto.repo.service.ArchiveDeletionFailureIT	9	0	0	0
service	ai.protomolt.proto.repo.service.ArchiveManagedUploadIT	32	0	0	0
service	ai.protomolt.proto.repo.service.ArchiveReadBenchmarkIT	1	0	0	1
service	ai.protomolt.proto.repo.service.ArchiveReadLifetimeIT	5	0	0	0
service	ai.protomolt.proto.repo.service.ArchiveServiceIT	25	0	0	0
service	ai.protomolt.proto.repo.service.ArchiveWorkflowsTest	4	0	0	0
service	ai.protomolt.proto.repo.service.BoundedArchiveHostIT	6	0	0	0
service	ai.protomolt.proto.repo.service.BoundedArchiveOptionsTest	4	0	0	0
service	ai.protomolt.proto.repo.service.BoundedArchiveProcessIT	5	0	0	0
service	ai.protomolt.proto.repo.service.BoundedArchiveRedisReplyIT	2	0	0	0
service	ai.protomolt.proto.repo.service.BoundedArchiveTransportIT	15	0	0	0
service	ai.protomolt.proto.repo.service.consumer.BoundedArchiveEmbeddingIT	1	0	0	0
service	ai.protomolt.proto.repo.service.ManagedArchiveHostIT	3	0	0	0
service	ai.protomolt.proto.repo.service.ManagedArchiveReadShutdownIT	5	0	0	0
service	ai.protomolt.proto.repo.service.RedisArchiveLifecycleIT	16	0	0	0
service	ai.protomolt.proto.repo.service.RepoBoundedArchiveMainTest	5	0	0	0
