backup-recovery/RepositoryBackupRehearsalFailure.java	c2df9121620f2a1e54c06ea198026f47aa3189204b203cda2a0e59ec3f50d220
backup-recovery/RepositoryBackupRehearsalChecks.java	dd19ef85f37a6bfafc9083c451241b9b41b056c8092d783c674044541a2a265c
backup-recovery/RepositoryBackupRehearsalJson.java	91ed861514aa002c66293fb5c201b3523efde167f18762ffd9942841f214a4db
backup-recovery/RepositoryBackupRehearsalFixture.java	0a7534d3369373b9f5c8d97377dab6c4af3091ce61014db8515bdd6272f202dd
backup-recovery/RepositoryBackupRehearsalLedger.java	d2bda2de85bbd4c6d1e3723c31e6af9ed1d00cf17bb587172342c8e143b41b7f
archive-backup-qualification/ArchiveBackupQualificationFixture.java	800b3b37fa8fc4657d2bceb5319579387d7f479ed2818289d0e91c600bfebe3b
archive-backup-qualification/ArchiveBackupQualificationLedger.java	7e27bfff218b398d3fb3e40f61916f896b50c465ae61aa8d5a760a910ef69d03
archive-backup-qualification/ArchiveBackupQualificationContentChecks.java	9eed18bfb0703cc6a7e266c9c530332a03705a1ad651a26bd5838112c46528b9
archive-backup-qualification/ArchiveBackupQualificationSeedHost.java	b34c33748c9d91e77022d77d243cbe2c5a32b5af2d4b9f8eac9cd98baba9599f
archive-backup-qualification/ArchiveBackupQualificationRecoveredHost.java	f581ff2193c55957f73780470217267caaf1dfd9d7e52cf1f965421890d442f6
