run,window,journaled,trace,replicas,pool_per_replica,clients_total,heap_mib,sample_millis,payload_bytes,iterations_per_client,total_read_slots,total_read_handles,total_budget_bytes,operations,inclusive_s,ops_per_s,read_p50_ms,read_p95_ms,read_p99_ms,publish_p50_ms,publish_p95_ms,publish_p99_ms,reject_p50_ms,reject_p95_ms,reject_p99_ms,sql_connections_total,pool_busy_fraction,sql_acquire_mean_ms,sql_acquire_total_s,sql_acquisitions_per_iteration,sql_usage_total_s,statement_exec_total_s,statement_calls,statements_per_iteration,db_commits_settled,db_commits_per_iteration,wal_bytes_mib,wal_fsyncs_settled,wal_fsync_time_settled_s,wal_fsync_time_window_s,wal_client_backend_fsync_time_settled_s,wal_write_time_settled_s,wal_fsync_share_of_settled_span,wal_fsync_share_of_window,relation_read_time_s,provider_put_count,provider_put_mean_ms,provider_get_count,provider_get_mean_ms,host_cpus,host_busy_cores,host_iowait_cores,postgres_cores,rustfs_cores,worker_cores,worker_cpu_s,settled_span_s,loadavg_begin,loadavg_done
baseline-1,t00,true,false,1,8,16,2048,25,65536,32,16,64,384000000,512,6.636,77.16,67.85,91.88,97.47,273.27,324.86,344.36,476.90,554.87,577.79,8,0.876,3.841,29.487,14.99,46.521,10.920,76367,149.15,7909,15.45,11.35,2723,6.372,6.370,6.355,0.067,0.802,0.959,0.000,256,70.43,576,1.92,32,8.96,1.46,2.51,0.17,2.84,18.86,7.946,5.82,6.24
baseline-1,t01,true,false,4,8,16,512,25,65536,32,16,64,384000000,512,6.566,77.97,60.82,81.34,90.19,277.98,347.27,374.40,463.44,590.67,633.41,32,0.316,0.005,0.035,15.01,66.447,16.021,76436,149.29,7674,14.99,11.02,2405,5.749,5.744,5.731,0.084,0.739,0.874,0.000,256,73.71,576,3.85,32,17.97,0.97,3.93,0.23,7.57,49.74,7.780,8.18,8.8
baseline-1,t02,true,false,2,4,16,1024,25,65536,32,16,64,384000000,512,7.532,67.98,80.49,119.58,139.80,321.01,377.45,392.24,506.93,561.58,583.92,8,0.848,4.887,37.520,14.99,51.074,12.698,76338,149.10,7096,13.86,10.16,2735,6.389,6.389,6.389,0.066,0.723,0.848,0.001,256,70.43,576,2.68,32,9.94,1.37,2.69,0.17,3.74,28.20,8.832,11.06,11.05
baseline-1,t03,true,false,1,8,16,2048,25,65536,32,16,64,384000000,512,6.698,76.44,69.28,90.77,98.24,287.14,335.62,355.33,463.56,516.33,526.25,8,0.869,4.005,30.754,15.00,46.549,12.640,76343,149.11,6986,13.64,11.48,2561,5.516,5.516,5.461,0.054,0.698,0.823,0.000,256,72.92,576,1.91,32,9.31,1.37,3.01,0.19,2.78,18.62,7.907,9.89,10.38
baseline-1,t04,true,false,4,2,16,512,25,65536,32,16,64,384000000,512,7.972,64.22,82.77,111.84,118.51,326.15,377.87,416.35,579.12,648.80,703.64,8,0.837,5.093,39.088,14.99,53.386,10.671,76327,149.08,7545,14.74,10.87,2791,7.130,7.130,7.130,0.075,0.776,0.894,0.000,256,70.83,576,3.30,32,11.21,1.35,2.23,0.20,5.28,42.09,9.182,9.5,10.32
baseline-1,t05,true,false,2,8,16,1024,25,65536,32,16,64,384000000,512,5.508,92.96,48.47,62.91,72.26,246.37,279.02,297.33,381.83,427.40,436.93,16,0.617,0.049,0.374,15.00,54.329,12.572,76381,149.18,7449,14.55,10.63,2128,5.077,5.077,5.077,0.064,0.756,0.921,0.000,256,71.95,576,2.90,32,13.58,1.26,3.83,0.26,5.36,29.55,6.718,10.13,10.76
baseline-1,t06,true,false,2,8,16,1024,25,65536,32,16,64,384000000,512,5.458,93.81,47.45,65.98,76.52,246.94,277.26,291.88,381.93,411.40,436.51,16,0.614,0.072,0.550,15.00,53.659,12.285,76381,149.18,7389,14.43,10.64,1961,4.749,4.749,4.739,0.061,0.712,0.870,0.000,256,71.07,576,2.89,32,12.54,1.26,3.78,0.24,5.34,29.16,6.667,10.54,10.89
baseline-1,t07,true,false,4,2,16,512,25,65536,32,16,64,384000000,512,7.912,64.72,78.18,114.45,124.86,326.48,373.75,406.93,585.14,648.85,665.66,8,0.851,4.780,36.689,14.99,53.837,11.381,76352,149.13,7406,14.46,12.14,2850,6.877,6.877,6.817,0.079,0.754,0.869,0.000,256,72.34,576,3.37,32,11.50,1.31,2.42,0.19,5.47,43.25,9.121,11.84,13.91
baseline-1,t08,true,false,1,8,16,2048,25,65536,32,16,64,384000000,512,6.710,76.30,67.43,95.78,101.92,281.46,325.81,340.72,492.20,545.60,566.40,8,0.884,3.881,29.798,15.00,47.446,9.992,76349,149.12,7873,15.38,11.35,2757,6.418,6.418,6.399,0.071,0.810,0.956,0.000,256,70.31,576,2.07,32,8.94,1.46,2.46,0.18,2.93,19.64,7.919,13.33,13.3
baseline-1,t09,true,false,2,4,16,1024,25,65536,32,16,64,384000000,512,7.071,72.41,70.53,98.07,117.13,303.48,347.19,354.99,498.41,550.49,576.47,8,0.832,4.399,33.772,14.99,47.074,10.201,76343,149.11,7244,14.15,10.51,2671,6.144,6.144,6.134,0.066,0.742,0.869,0.000,256,71.93,576,2.62,32,9.92,1.37,2.37,0.18,4.01,28.38,8.280,13.49,14.09
baseline-1,t10,true,false,4,8,16,512,25,65536,32,16,64,384000000,512,5.935,86.27,49.27,68.15,79.66,258.64,307.73,320.07,432.69,464.54,473.86,32,0.302,0.005,0.036,14.99,57.416,13.670,76340,149.10,7417,14.49,10.49,2405,5.177,5.177,5.169,0.077,0.725,0.872,0.000,256,70.24,576,3.69,32,15.81,1.02,3.83,0.23,7.82,46.43,7.144,15.65,15.6
baseline-1,t11,true,false,1,8,16,2048,25,65536,32,16,64,384000000,512,6.387,80.16,59.07,90.14,102.35,272.58,312.93,339.66,456.39,518.19,547.68,8,0.885,3.616,27.759,14.99,45.217,10.097,76347,149.12,8167,15.95,12.91,2777,6.227,6.227,6.166,0.068,0.820,0.975,0.000,256,70.90,576,1.85,32,8.66,1.46,2.67,0.18,2.86,18.29,7.597,15.1,14.93
baseline-2,t00,true,false,1,8,16,2048,25,65536,32,16,64,384000000,512,6.730,76.08,65.43,95.02,111.73,294.06,336.18,352.80,471.42,535.74,565.11,8,0.898,3.874,29.737,14.99,48.333,11.030,76337,149.10,7154,13.97,10.08,2417,5.798,5.798,5.784,0.061,0.730,0.860,0.000,256,69.51,576,2.06,32,8.80,1.45,2.50,0.18,2.81,18.91,7.947,11.14,11.68
baseline-2,t01,true,false,4,8,16,512,25,65536,32,16,64,384000000,512,6.460,79.26,59.91,78.63,86.63,276.32,315.46,348.87,456.69,507.63,528.85,32,0.319,0.005,0.038,15.00,66.024,15.068,76411,149.24,7694,15.03,11.01,2269,5.869,5.869,5.867,0.078,0.765,0.908,0.000,256,70.44,576,3.61,32,15.38,1.16,3.77,0.23,7.26,46.92,7.671,14.45,15.29
baseline-2,t02,true,false,2,4,16,1024,25,65536,32,16,64,384000000,512,7.629,67.11,82.78,116.69,122.36,322.03,369.46,393.25,520.90,587.41,634.11,8,0.851,4.843,37.172,14.99,51.938,12.706,76351,149.12,7046,13.76,10.01,2749,6.345,6.345,6.344,0.070,0.718,0.831,0.000,256,71.01,576,2.64,32,9.77,1.39,2.65,0.17,3.68,28.05,8.840,13.88,14.41
baseline-2,t03,true,false,1,8,16,2048,25,65536,32,16,64,384000000,512,6.718,76.21,66.13,91.26,97.76,285.45,348.08,398.63,465.82,507.09,534.61,8,0.875,3.935,30.247,15.01,47.050,11.918,76397,149.21,7099,13.87,11.68,2564,5.612,5.612,5.564,0.060,0.708,0.835,0.000,256,72.77,576,2.04,32,9.08,1.38,2.91,0.19,2.90,19.51,7.928,13.98,14.55
baseline-2,t04,true,false,4,2,16,512,25,65536,32,16,64,384000000,512,7.747,66.09,80.65,111.78,127.85,323.92,377.73,389.56,553.09,618.50,678.06,8,0.846,4.806,36.908,15.00,52.424,10.825,76353,149.13,7328,14.31,10.46,2801,6.743,6.743,6.742,0.073,0.753,0.870,0.000,256,71.91,576,3.36,32,11.64,1.31,2.32,0.20,5.53,42.88,8.955,14.02,14.01
baseline-2,t05,true,false,2,8,16,1024,25,65536,32,16,64,384000000,512,5.453,93.89,46.10,64.26,77.99,246.51,283.28,292.39,383.68,424.23,430.25,16,0.603,0.059,0.451,14.99,52.651,12.818,76381,149.18,7176,14.02,10.27,2038,4.732,4.732,4.727,0.064,0.710,0.867,0.000,256,73.30,576,2.97,32,13.72,1.20,3.93,0.25,5.51,30.10,6.665,15.5,16.51
baseline-2,t06,true,false,2,8,16,1024,25,65536,32,16,64,384000000,512,5.421,94.44,44.79,64.14,69.45,244.73,271.78,287.79,383.06,426.36,439.72,16,0.606,0.061,0.467,14.99,52.599,12.747,76371,149.16,7287,14.23,10.26,2046,4.525,4.525,4.514,0.068,0.682,0.834,0.000,256,73.33,576,2.94,32,12.86,1.22,3.94,0.26,5.53,30.00,6.631,16.22,15.85
baseline-2,t07,true,false,4,2,16,512,25,65536,32,16,64,384000000,512,8.468,60.46,86.94,123.39,155.93,337.14,450.89,518.18,597.61,700.96,715.72,8,0.841,5.472,42.005,14.99,56.985,12.054,76337,149.10,7509,14.67,12.42,3031,7.208,7.208,7.141,0.093,0.745,0.851,0.000,256,70.90,576,3.49,32,13.35,1.17,2.38,0.18,5.42,45.92,9.678,15.62,16.55
baseline-2,t08,true,false,1,8,16,2048,25,65536,32,16,64,384000000,512,6.793,75.38,68.70,88.26,97.67,294.94,337.39,353.70,475.63,533.53,557.35,8,0.894,3.962,30.433,15.00,48.571,10.036,76363,149.15,7824,15.28,11.21,2683,6.499,6.499,6.487,0.073,0.812,0.956,0.000,256,70.63,576,2.08,32,8.77,1.50,2.42,0.18,2.74,18.65,8.002,16.43,15.67
baseline-2,t09,true,false,2,4,16,1024,25,65536,32,16,64,384000000,512,7.145,71.66,74.63,101.14,110.89,303.74,346.63,357.04,506.49,582.37,596.81,8,0.865,4.221,32.414,15.00,49.445,10.537,76352,149.13,8039,15.70,11.41,3054,7.076,7.076,7.065,0.082,0.847,0.990,0.000,256,72.22,576,2.80,32,10.53,1.36,2.43,0.18,4.10,29.31,8.353,14.76,14.78
baseline-2,t10,true,false,4,8,16,512,25,65536,32,16,64,384000000,512,6.267,81.70,56.01,73.42,79.85,267.39,317.93,342.55,441.65,498.67,515.93,32,0.310,0.005,0.036,15.00,62.172,13.963,76405,149.23,7599,14.84,10.89,2414,5.683,5.683,5.671,0.083,0.760,0.907,0.000,256,71.92,576,3.71,32,15.54,1.09,3.72,0.22,7.52,47.12,7.476,13.69,14.77
baseline-2,t11,true,false,1,8,16,2048,25,65536,32,16,64,384000000,512,6.727,76.11,66.94,91.94,110.93,288.95,331.58,350.28,473.55,542.40,561.81,8,0.878,3.939,30.246,15.00,47.268,10.138,76358,149.14,7290,14.24,10.46,2581,5.989,5.989,5.976,0.066,0.754,0.890,0.000,256,71.70,576,2.08,32,8.69,1.44,2.49,0.18,2.86,19.28,7.938,13.9,13.33
baseline-3,t00,true,false,1,8,16,2048,25,65536,32,16,64,384000000,512,6.737,75.99,63.28,89.85,97.18,281.01,329.74,344.03,502.39,545.81,569.49,8,0.887,3.843,29.507,15.00,47.815,10.977,76353,149.13,7253,14.17,10.47,2449,6.084,6.084,6.073,0.065,0.760,0.902,0.000,256,71.74,576,1.94,32,8.79,1.49,2.48,0.17,2.75,18.52,8.001,11.87,11.64
baseline-3,t01,true,false,4,8,16,512,25,65536,32,16,64,384000000,512,6.421,79.74,56.60,76.67,127.60,278.31,345.94,413.27,444.80,485.07,497.68,32,0.318,0.004,0.033,15.00,65.318,15.456,76430,149.28,7246,14.15,10.33,2181,5.417,5.417,5.417,0.076,0.710,0.843,0.000,256,73.67,576,3.73,32,16.39,1.08,3.89,0.23,7.41,47.61,7.632,13.59,15.48
baseline-3,t02,true,false,2,4,16,1024,25,65536,32,16,64,384000000,512,7.202,71.10,72.14,110.93,120.75,304.65,365.48,380.65,502.12,566.86,586.19,8,0.857,4.407,33.826,14.99,49.389,12.637,76333,149.09,7408,14.47,10.59,2968,6.327,6.327,6.320,0.071,0.752,0.878,0.001,256,72.15,576,2.55,32,9.79,1.36,2.79,0.18,3.92,28.26,8.414,14.48,14.43
baseline-3,t03,true,false,1,8,16,2048,25,65536,32,16,64,384000000,512,6.677,76.69,68.58,94.50,108.15,288.63,344.86,363.81,449.29,510.13,522.80,8,0.854,3.944,30.290,15.00,45.612,12.526,76362,149.14,7024,13.72,11.56,2736,5.521,5.521,5.466,0.059,0.700,0.827,0.000,256,74.85,576,1.95,32,9.80,1.34,3.03,0.19,2.82,18.86,7.886,14.04,13.87
baseline-3,t04,true,false,4,2,16,512,25,65536,32,16,64,384000000,512,7.810,65.56,80.88,115.21,127.06,322.39,367.18,391.77,562.07,620.29,654.12,8,0.834,4.903,37.642,14.99,52.126,10.808,76337,149.10,7296,14.25,10.43,2769,6.790,6.784,6.784,0.071,0.753,0.868,0.000,256,71.45,576,3.29,32,11.75,1.32,2.29,0.19,5.47,42.77,9.019,14.37,14.74
baseline-3,t05,true,false,2,8,16,1024,25,65536,32,16,64,384000000,512,5.724,89.44,51.75,71.74,78.55,250.53,280.60,297.83,409.56,447.42,464.51,16,0.623,0.072,0.556,15.00,57.063,12.463,76366,149.15,7996,15.62,11.52,2093,5.435,5.435,5.421,0.068,0.784,0.949,0.000,256,71.34,576,3.00,32,13.04,1.29,3.65,0.25,5.19,29.73,6.933,14.62,15.05
baseline-3,t06,true,false,2,8,16,1024,25,65536,32,16,64,384000000,512,5.528,92.62,49.36,67.57,77.42,246.20,284.50,300.67,383.33,436.80,457.61,16,0.616,0.058,0.446,15.00,54.469,12.552,76391,149.20,7331,14.32,10.31,2044,4.917,4.917,4.909,0.075,0.730,0.889,0.000,256,72.41,576,2.82,32,13.05,1.29,3.80,0.24,5.37,29.67,6.736,14.28,15.54
baseline-3,t07,true,false,4,2,16,512,25,65536,32,16,64,384000000,512,8.035,63.72,89.33,116.44,127.56,327.29,382.53,406.26,594.72,666.92,708.19,8,0.831,5.390,41.370,14.99,53.396,10.899,76327,149.08,7352,14.36,12.24,2765,7.119,7.114,7.048,0.076,0.770,0.885,0.000,256,70.37,576,3.12,32,10.27,1.38,2.28,0.19,5.06,40.68,9.248,15.7,15.56
baseline-3,t08,true,false,1,8,16,2048,25,65536,32,16,64,384000000,512,6.235,82.12,59.35,81.28,93.49,260.85,305.54,323.99,465.99,523.01,536.16,8,0.873,3.491,26.812,15.00,43.564,9.709,76373,149.17,8495,16.59,12.15,2982,6.345,6.345,6.337,0.075,0.853,1.017,0.000,256,71.60,576,1.91,32,8.25,1.39,2.58,0.19,3.07,19.15,7.443,13.57,13.76
baseline-3,t09,true,false,2,4,16,1024,25,65536,32,16,64,384000000,512,7.404,69.15,72.06,114.04,131.08,301.35,350.90,371.52,525.58,633.03,693.29,8,0.853,4.524,34.738,15.00,50.538,10.278,76347,149.12,7291,14.24,10.43,2553,6.457,6.457,6.444,0.065,0.750,0.872,0.000,256,70.32,576,2.61,32,9.27,1.43,2.29,0.35,3.69,27.34,8.612,12.37,11.76
baseline-3,t10,true,false,4,8,16,512,25,65536,32,16,64,384000000,512,6.227,82.22,54.57,73.38,78.31,273.08,315.74,330.77,440.71,477.25,503.44,32,0.314,0.005,0.038,14.99,62.650,13.884,76409,149.24,7249,14.16,10.27,2159,5.413,5.413,5.394,0.076,0.728,0.869,0.000,256,70.21,576,3.73,32,15.17,1.14,3.71,0.23,7.42,46.24,7.437,11.45,11.89
baseline-3,t11,true,false,1,8,16,2048,25,65536,32,16,64,384000000,512,7.408,69.11,74.28,101.51,113.21,302.24,372.54,402.17,562.20,643.81,660.78,8,0.879,4.556,34.998,15.00,52.096,10.300,76364,149.15,7393,14.44,11.66,2247,6.575,6.575,6.474,0.062,0.763,0.887,0.000,256,77.23,576,1.98,32,8.04,1.66,2.34,0.17,2.54,18.83,8.617,11.34,11.18
