replicas,pool_per_replica,windows,operations,inclusive_ops_per_second,operation,samples,p50_ms,p95_ms
1,8,4,1024,59.574,publish,384,190.879,222.628
1,8,4,1024,59.574,read,512,40.079,58.320
1,8,4,1024,59.574,reject,128,277.667,339.895
2,4,2,512,54.127,publish,192,206.944,243.484
2,4,2,512,54.127,read,256,45.653,67.356
2,4,2,512,54.127,reject,64,309.218,363.717
2,8,2,512,53.005,publish,192,213.158,241.250
2,8,2,512,53.005,read,256,47.439,62.861
2,8,2,512,53.005,reject,64,310.209,370.196
4,2,2,512,46.974,publish,192,235.453,286.745
4,2,2,512,46.974,read,256,53.380,75.199
4,2,2,512,46.974,reject,64,358.909,424.896
4,8,2,512,46.734,publish,192,236.697,278.043
4,8,2,512,46.734,read,256,54.589,73.961
4,8,2,512,46.734,reject,64,357.304,418.674
