operation,metric,completion_site,count,nanos,failures
publish,jdbc_commit,DocumentOperationUploadAdmission.captureReads,288,868740631,0
publish,jdbc_commit,DocumentOperationUploadAdmission.recheckInitialSelections,144,460020485,0
publish,jdbc_commit,DocumentOperationUploadAdmission.stage,144,455540040,0
publish,jdbc_commit,DocumentPublicationCommit.commitInternal,144,458061228,0
publish,jdbc_commit,DocumentPublicationModesJournal.requireObservedModes,288,848180503,0
publish,jdbc_commit,DocumentPublicationRegistration.admitInitial,144,422236448,0
publish,jdbc_commit,DocumentPublicationRegistration.preflight,144,17366175,0
publish,jdbc_commit,DocumentPublicationReplay.observe,288,31299574,0
publish,jdbc_commit,DocumentSchemaPolicies.read,144,17735258,0
publish,jdbc_commit,DocumentSelectedAttemptLedger.renew,144,431140026,0
publish,jdbc_commit,DocumentSelectedAttemptLedger.renewOwnerAndSelections,288,875408836,0
publish,jdbc_commit,RepositorySchemaArtifacts.stage,144,417758832,0
publish,jdbc_executeBatch,DocumentSchemaRetention.flush,432,554583041,0
publish,jdbc_executeQuery,DocumentAdmissionSnapshot.prepare,144,100542254,0
publish,jdbc_executeQuery,DocumentCommitParts.bind,144,43106537,0
publish,jdbc_executeQuery,DocumentCommitParts.read,144,175840899,0
publish,jdbc_executeQuery,DocumentCommitParts.selections,144,102783143,0
publish,jdbc_executeQuery,DocumentCommitWriter.write,288,58589087,0
publish,jdbc_executeQuery,DocumentDriveSnapshot.lock,288,54579070,0
publish,jdbc_executeQuery,DocumentKeyReservations.reserveEncoded,144,63190704,0
publish,jdbc_executeQuery,DocumentOperationUploadAdmission.lambda$captureReads$0,432,106466977,0
publish,jdbc_executeQuery,DocumentOperationUploadAdmission.lambda$stage$3,288,65162026,0
publish,jdbc_executeQuery,DocumentOperationUploadAdmission.requireInitialSelections,144,81403919,0
publish,jdbc_executeQuery,DocumentPartAttemptLedger.lockAll,864,107125744,0
publish,jdbc_executeQuery,DocumentPartAttemptLedger.read,288,46594343,0
publish,jdbc_executeQuery,DocumentPublicationLocks$IndependentOrigins.requireScope,288,35285522,0
publish,jdbc_executeQuery,DocumentPublicationLocks.lockIndependentOrigins,720,139476827,0
publish,jdbc_executeQuery,DocumentPublicationLocks.lockIndependentRetention,144,33964872,0
publish,jdbc_executeQuery,DocumentPublicationModeBinding.require,144,64532636,0
publish,jdbc_executeQuery,DocumentPublicationModesJournal.readModes,144,23977464,0
publish,jdbc_executeQuery,DocumentPublicationPreparationJournal.capture,288,45964982,0
publish,jdbc_executeQuery,DocumentPublicationReplay.observe,576,134735725,0
publish,jdbc_executeQuery,DocumentRevisionLocks.lock,1728,395814534,0
publish,jdbc_executeQuery,DocumentSchemaBatch.lockArtifacts,720,134620180,0
publish,jdbc_executeQuery,DocumentSchemaPolicies.lambda$read$0,144,20250003,0
publish,jdbc_executeQuery,DocumentSchemaPolicies.lockCurrent,432,56951593,0
publish,jdbc_executeQuery,DocumentSchemaPolicies.select,288,70797516,0
publish,jdbc_executeQuery,DocumentSchemaRetention.requireFragments,144,136104143,0
publish,jdbc_executeQuery,DocumentSchemaRetention.requireRevision,144,44082257,0
publish,jdbc_executeQuery,DocumentSchemaRetention.write,144,36648326,0
publish,jdbc_executeQuery,DocumentSelectedAttemptLedger.lockSelected,144,29891685,0
publish,jdbc_executeQuery,DocumentSelectedAttemptLedger.requireOwner,432,100332588,0
publish,jdbc_executeQuery,DocumentSelectedAttemptLedger.requireSelections,864,254704184,0
publish,jdbc_executeQuery,DocumentUploadAdmissionReplay.hasSelections,144,35486947,0
publish,jdbc_executeQuery,ManagedBackendLedger.find,288,47630297,0
publish,jdbc_executeQuery,RepositoryCoordinatorBinding.bindInitial,144,24337210,0
publish,jdbc_executeQuery,RepositoryExecutionClaimLedger.live,144,28765854,0
publish,jdbc_executeQuery,RepositoryExecutionClaimLedger.lockLive,2592,757902971,0
publish,jdbc_executeQuery,RepositoryExecutionClaimLedger.readLocked,864,92172000,0
publish,jdbc_executeQuery,RepositoryOperationLedger.fenceLiveOwner,1440,841268267,0
publish,jdbc_executeQuery,RepositoryOperationLedger.live,432,89959168,0
publish,jdbc_executeQuery,RepositoryOperationLedger.read,144,38541388,0
publish,jdbc_executeQuery,RepositoryOperationLedger.readOwner,576,81484734,0
publish,jdbc_executeQuery,RepositoryOperationLedger.requireCommand,1440,175703355,0
publish,jdbc_executeQuery,RepositorySchemaArtifacts.lambda$stage$2,576,541766141,0
publish,jdbc_executeQuery,SqlTimeouts.apply,864,133327426,0
publish,jdbc_executeUpdate,DocumentCommitWriter.write,1008,1220123182,0
publish,jdbc_executeUpdate,DocumentOperationSelection.insert,144,235146394,0
publish,jdbc_executeUpdate,DocumentOperationUploadAdmission.lambda$stage$3,288,301914636,0
publish,jdbc_executeUpdate,DocumentPartAttemptLedger.insertEncodedRows,144,176811496,0
publish,jdbc_executeUpdate,DocumentPublicationCommit.lambda$commitInternal$6,432,993051803,0
publish,jdbc_executeUpdate,DocumentPublicationModesJournal.insert,144,147100480,0
publish,jdbc_executeUpdate,DocumentPublicationPreparationJournal.insert,144,147150681,0
publish,jdbc_executeUpdate,DocumentSchemaAdmissionBinding.insert,144,176869356,0
publish,jdbc_executeUpdate,DocumentSelectedAttemptLedger.renewSelections,432,262381084,0
publish,jdbc_executeUpdate,RepositoryCoordinatorBinding.bindInitial,144,76345786,0
publish,jdbc_executeUpdate,RepositoryExecutionClaimLedger.acquireInitialInTransaction,144,82575293,0
publish,jdbc_executeUpdate,RepositoryExecutionClaimLedger.renewLive,288,69089818,0
publish,jdbc_executeUpdate,RepositoryOperationLedger.admitInTransaction,288,199841961,0
publish,jdbc_executeUpdate,RepositoryOperationLedger.renewLive,288,162511444,0
publish,sql_acquire,DocumentOperationUploadAdmission.captureReads,288,1432046,0
publish,sql_acquire,DocumentOperationUploadAdmission.recheckInitialSelections,144,456172,0
publish,sql_acquire,DocumentOperationUploadAdmission.stage,144,433860,0
publish,sql_acquire,DocumentPublicationCommit.commitInternal,144,503221,0
publish,sql_acquire,DocumentPublicationModesJournal.requireObservedModes,288,994476,0
publish,sql_acquire,DocumentPublicationRegistration.admitInitial,144,332339,0
publish,sql_acquire,DocumentPublicationRegistration.preflight,144,427503,0
publish,sql_acquire,DocumentPublicationReplay.observe,288,1013827,0
publish,sql_acquire,DocumentSchemaPolicies.read,144,466134,0
publish,sql_acquire,DocumentSelectedAttemptLedger.renew,144,691578,0
publish,sql_acquire,DocumentSelectedAttemptLedger.renewOwnerAndSelections,288,1054662,0
publish,sql_acquire,RepositorySchemaArtifacts.stage,144,721649,0
publish,sql_usage,DocumentOperationUploadAdmission.captureReads,288,1682000000,0
publish,sql_usage,DocumentOperationUploadAdmission.recheckInitialSelections,144,720000000,0
publish,sql_usage,DocumentOperationUploadAdmission.stage,144,2050000000,0
publish,sql_usage,DocumentPublicationCommit.commitInternal,144,6695000000,0
publish,sql_usage,DocumentPublicationModesJournal.requireObservedModes,288,1352000000,0
publish,sql_usage,DocumentPublicationRegistration.admitInitial,144,1795000000,0
publish,sql_usage,DocumentPublicationRegistration.preflight,144,130000000,0
publish,sql_usage,DocumentPublicationReplay.observe,288,153000000,0
publish,sql_usage,DocumentSchemaPolicies.read,144,121000000,0
publish,sql_usage,DocumentSelectedAttemptLedger.renew,144,916000000,0
publish,sql_usage,DocumentSelectedAttemptLedger.renewOwnerAndSelections,288,2365000000,0
publish,sql_usage,RepositorySchemaArtifacts.stage,144,1438000000,0
read,jdbc_commit,DocumentHistoricalSchemas.authorize,192,493239697,0
read,jdbc_commit,DocumentHistoricalSchemas.check,192,477634407,0
read,jdbc_commit,DocumentReadLedger$PinnedHistory.authorizeDelivery,576,1615542343,0
read,jdbc_commit,DocumentReadLedger.captureHistorical,192,502082116,0
read,jdbc_executeQuery,DocumentHistoricalReadRows.capture,384,411149488,0
read,jdbc_executeQuery,DocumentHistoricalSchemaRows.artifacts,384,146537064,0
read,jdbc_executeQuery,DocumentHistoricalSchemaRows.capture,384,384289292,0
read,jdbc_executeQuery,DocumentHistoricalSchemaRows.references,192,38285086,0
read,jdbc_executeQuery,DocumentHistoricalSchemaRows.roots,384,65653698,0
read,jdbc_executeQuery,DocumentReadLedger.lambda$captureHistorical$0,192,48856755,0
read,jdbc_executeQuery,DocumentReadPins.acquireHistorical,384,144848137,0
read,jdbc_executeQuery,DocumentRevisionLocks.lock,2304,617182420,0
read,jdbc_executeQuery,ManagedBackendLedger.requireAll,192,42831502,0
read,jdbc_executeUpdate,DocumentReadPins.acquireHistorical,192,296172489,0
read,sql_acquire,DocumentHistoricalSchemas.authorize,192,1092879,0
read,sql_acquire,DocumentHistoricalSchemas.check,192,615128,0
read,sql_acquire,DocumentReadLedger$PinnedHistory.authorizeDelivery,576,2328977,0
read,sql_acquire,DocumentReadLedger.captureHistorical,192,5086422,0
read,sql_usage,DocumentHistoricalSchemas.authorize,192,664000000,0
read,sql_usage,DocumentHistoricalSchemas.check,192,1371000000,0
read,sql_usage,DocumentReadLedger$PinnedHistory.authorizeDelivery,576,1997000000,0
read,sql_usage,DocumentReadLedger.captureHistorical,192,1920000000,0
reject,jdbc_commit,DocumentAssessmentCreation.createInternal,48,118764958,0
reject,jdbc_commit,DocumentAssessmentCreation.lambda$createInternal$0,48,123888235,0
reject,jdbc_commit,DocumentAssessmentDeliveryAuthorization.check,192,435757416,0
reject,jdbc_commit,DocumentAssessmentDiscovery.discover,48,120842171,0
reject,jdbc_commit,DocumentAssessmentReconciliation.observeRetained,48,115488999,0
reject,jdbc_commit,DocumentAssessmentRejections.decide,48,94792103,0
reject,jdbc_commit,DocumentAssessmentStartJournal.startRetained,48,111478228,0
reject,jdbc_commit,DocumentOperationUploadAdmission.captureReads,96,267301165,0
reject,jdbc_commit,DocumentOperationUploadAdmission.recheckInitialSelections,48,127881538,0
reject,jdbc_commit,DocumentOperationUploadAdmission.stage,48,166154815,0
reject,jdbc_commit,DocumentPublicationModesJournal.loadRetained,96,272580902,0
reject,jdbc_commit,DocumentPublicationModesJournal.requireObservedModes,192,519540901,0
reject,jdbc_commit,DocumentPublicationPreparationJournal.load,96,244215914,0
reject,jdbc_commit,DocumentPublicationRegistration.admitInitial,48,164469614,0
reject,jdbc_commit,DocumentPublicationRegistration.preflight,96,10520918,0
reject,jdbc_commit,DocumentPublicationReplay.observe,192,224131756,0
reject,jdbc_commit,DocumentSchemaPolicies.read,48,5017747,0
reject,jdbc_commit,DocumentSelectedAttemptLedger.renew,48,148193749,0
reject,jdbc_commit,DocumentSelectedAttemptLedger.renewOwnerAndSelections,96,280480473,0
reject,jdbc_commit,RepositorySchemaArtifacts.stage,48,127130534,0
reject,jdbc_executeBatch,DocumentAssessmentCreation.lambda$createInternal$8,48,44087249,0
reject,jdbc_executeQuery,DocumentAssessmentDeliveryAuthorization.lambda$check$0,960,185524606,0
reject,jdbc_executeQuery,DocumentAssessmentDeliveryAuthorization.requireLiveReadOwner,384,76818026,0
reject,jdbc_executeQuery,DocumentAssessmentDiscovery.lambda$discover$0,96,23104139,0
reject,jdbc_executeQuery,DocumentAssessmentReadRows.capture,144,611227267,0
reject,jdbc_executeQuery,DocumentAssessmentReconciliation.lambda$observeRetained$4,192,44737364,0
reject,jdbc_executeQuery,DocumentAssessmentRejections.lambda$decide$0,144,32645036,0
reject,jdbc_executeQuery,DocumentAssessmentReplayInputs.lambda$artifacts$0,48,15362774,0
reject,jdbc_executeQuery,DocumentAssessmentReplayInputs.lambda$artifacts$1,48,33815226,0
reject,jdbc_executeQuery,DocumentAssessmentReplayInputs.lambda$policy$0,48,12588616,0
reject,jdbc_executeQuery,DocumentAssessmentReplayInputs.lambda$policy$1,48,9399713,0
reject,jdbc_executeQuery,DocumentAssessmentReplayInputs.lambda$read$0,48,10212702,0
reject,jdbc_executeQuery,DocumentAssessmentReplayInputs.lambda$read$1,48,12980811,0
reject,jdbc_executeQuery,DocumentAssessmentReplayInputs.lambda$roots$0,48,9096163,0
reject,jdbc_executeQuery,DocumentAssessmentReplayInputs.lambda$roots$1,48,18805851,0
reject,jdbc_executeQuery,DocumentAssessmentRetainedEvidence.verify,48,12333089,0
reject,jdbc_executeQuery,DocumentAssessmentRetainedEvidence.verifyArtifacts,48,30535066,0
reject,jdbc_executeQuery,DocumentAssessmentRetainedSlots.retainedSelections,48,18348177,0
reject,jdbc_executeQuery,DocumentAssessmentRetainedSlots.verify,192,224579004,0
reject,jdbc_executeQuery,DocumentAssessmentStartJournal.lambda$startRetained$2,96,21743697,0
reject,jdbc_executeQuery,DocumentAssessmentStartJournal.requireCreation,48,30229669,0
reject,jdbc_executeQuery,DocumentCommitParts.bind,96,48229478,0
reject,jdbc_executeQuery,DocumentCommitParts.read,48,53778748,0
reject,jdbc_executeQuery,DocumentCommitParts.selections,48,29722800,0
reject,jdbc_executeQuery,DocumentDriveSnapshot.lock,96,14837334,0
reject,jdbc_executeQuery,DocumentKeyReservations.reserveEncoded,48,16321947,0
reject,jdbc_executeQuery,DocumentOperationUploadAdmission.lambda$captureReads$0,144,33903781,0
reject,jdbc_executeQuery,DocumentOperationUploadAdmission.lambda$stage$3,96,18477930,0
reject,jdbc_executeQuery,DocumentOperationUploadAdmission.requireInitialSelections,48,24967999,0
reject,jdbc_executeQuery,DocumentPartAttemptLedger.lockAll,288,35818066,0
reject,jdbc_executeQuery,DocumentPartAttemptLedger.read,96,13645275,0
reject,jdbc_executeQuery,DocumentPublicationModesJournal.readModes,144,18806078,0
reject,jdbc_executeQuery,DocumentPublicationPreparationJournal.capture,288,39664347,0
reject,jdbc_executeQuery,DocumentPublicationReplay.observe,624,90535279,0
reject,jdbc_executeQuery,DocumentRevisionLocks.lock,1728,329309957,0
reject,jdbc_executeQuery,DocumentSchemaPolicies.lambda$read$0,48,6188624,0
reject,jdbc_executeQuery,DocumentSchemaPolicies.lockCurrent,288,30355392,0
reject,jdbc_executeQuery,DocumentSchemaPolicies.select,144,20415481,0
reject,jdbc_executeQuery,DocumentSelectedAttemptLedger.lockSelected,48,8380663,0
reject,jdbc_executeQuery,DocumentSelectedAttemptLedger.requireOwner,144,32683249,0
reject,jdbc_executeQuery,DocumentSelectedAttemptLedger.requireSelections,288,56942445,0
reject,jdbc_executeQuery,DocumentUploadAdmissionReplay.hasSelections,48,10017074,0
reject,jdbc_executeQuery,ManagedBackendLedger.find,96,12547485,0
reject,jdbc_executeQuery,ManagedBackendLedger.requireAll,48,6992791,0
reject,jdbc_executeQuery,RepositoryCoordinatorBinding.bindInitial,48,7012767,0
reject,jdbc_executeQuery,RepositoryExecutionClaimLedger.live,48,7296312,0
reject,jdbc_executeQuery,RepositoryExecutionClaimLedger.lockLive,1728,493150378,0
reject,jdbc_executeQuery,RepositoryExecutionClaimLedger.readLocked,288,24665600,0
reject,jdbc_executeQuery,RepositoryOperationLedger.fenceLiveOwner,1008,560172675,0
reject,jdbc_executeQuery,RepositoryOperationLedger.live,144,21291764,0
reject,jdbc_executeQuery,RepositoryOperationLedger.read,48,10623820,0
reject,jdbc_executeQuery,RepositoryOperationLedger.readOwner,192,21655118,0
reject,jdbc_executeQuery,RepositoryOperationLedger.requireCommand,1008,109330722,0
reject,jdbc_executeQuery,RepositorySchemaArtifacts.lambda$stage$2,192,165249847,0
reject,jdbc_executeQuery,SqlTimeouts.apply,288,42581676,0
reject,jdbc_executeUpdate,DocumentAssessmentCreation.insertOwner,48,63145160,0
reject,jdbc_executeUpdate,DocumentAssessmentCreation.lambda$createInternal$6,336,878167796,0
reject,jdbc_executeUpdate,DocumentAssessmentCreation.lambda$createInternal$9,48,59084037,0
reject,jdbc_executeUpdate,DocumentAssessmentReconciliation.lambda$observeRetained$4,48,46725431,0
reject,jdbc_executeUpdate,DocumentAssessmentRejections.lambda$decide$0,48,60040481,0
reject,jdbc_executeUpdate,DocumentAssessmentStartJournal.lambda$startRetained$2,48,78310455,0
reject,jdbc_executeUpdate,DocumentOperationSelection.insert,48,66640352,0
reject,jdbc_executeUpdate,DocumentOperationUploadAdmission.lambda$stage$3,96,78106925,0
reject,jdbc_executeUpdate,DocumentPartAttemptLedger.insertEncodedRows,48,46799310,0
reject,jdbc_executeUpdate,DocumentPublicationModesJournal.insert,48,34969450,0
reject,jdbc_executeUpdate,DocumentPublicationPreparationJournal.insert,48,36245730,0
reject,jdbc_executeUpdate,DocumentSelectedAttemptLedger.renewSelections,144,85110015,0
reject,jdbc_executeUpdate,RepositoryCoordinatorBinding.bindInitial,48,19579969,0
reject,jdbc_executeUpdate,RepositoryExecutionClaimLedger.acquireInitialInTransaction,48,19664665,0
reject,jdbc_executeUpdate,RepositoryExecutionClaimLedger.renewLive,96,19459188,0
reject,jdbc_executeUpdate,RepositoryOperationLedger.admitInTransaction,96,55363341,0
reject,jdbc_executeUpdate,RepositoryOperationLedger.renewLive,96,48776415,0
reject,sql_acquire,DocumentAssessmentCreation.createInternal,48,110100,0
reject,sql_acquire,DocumentAssessmentCreation.lambda$createInternal$0,48,113403,0
reject,sql_acquire,DocumentAssessmentDeliveryAuthorization.check,192,1332796,0
reject,sql_acquire,DocumentAssessmentDiscovery.discover,48,112522,0
reject,sql_acquire,DocumentAssessmentReconciliation.observeRetained,48,132789,0
reject,sql_acquire,DocumentAssessmentRejections.decide,48,242065,0
reject,sql_acquire,DocumentAssessmentReplayInputs.lambda$artifacts$0,48,124152,0
reject,sql_acquire,DocumentAssessmentReplayInputs.lambda$artifacts$1,48,72827,0
reject,sql_acquire,DocumentAssessmentReplayInputs.lambda$policy$0,48,132727,0
reject,sql_acquire,DocumentAssessmentReplayInputs.lambda$policy$1,48,71700,0
reject,sql_acquire,DocumentAssessmentReplayInputs.lambda$read$0,48,134470,0
reject,sql_acquire,DocumentAssessmentReplayInputs.lambda$read$1,48,78088,0
reject,sql_acquire,DocumentAssessmentReplayInputs.lambda$roots$0,48,68368,0
reject,sql_acquire,DocumentAssessmentReplayInputs.lambda$roots$1,48,139605,0
reject,sql_acquire,DocumentAssessmentStartJournal.startRetained,48,102802,0
reject,sql_acquire,DocumentOperationUploadAdmission.captureReads,96,368399,0
reject,sql_acquire,DocumentOperationUploadAdmission.recheckInitialSelections,48,129032,0
reject,sql_acquire,DocumentOperationUploadAdmission.stage,48,125920,0
reject,sql_acquire,DocumentPublicationModesJournal.loadRetained,96,197908,0
reject,sql_acquire,DocumentPublicationModesJournal.requireObservedModes,192,528193,0
reject,sql_acquire,DocumentPublicationPreparationJournal.load,96,232882,0
reject,sql_acquire,DocumentPublicationRegistration.admitInitial,48,101690,0
reject,sql_acquire,DocumentPublicationRegistration.preflight,96,240491,0
reject,sql_acquire,DocumentPublicationReplay.observe,192,665164,0
reject,sql_acquire,DocumentSchemaPolicies.read,48,133616,0
reject,sql_acquire,DocumentSelectedAttemptLedger.renew,48,221253,0
reject,sql_acquire,DocumentSelectedAttemptLedger.renewOwnerAndSelections,96,260357,0
reject,sql_acquire,RepositorySchemaArtifacts.stage,48,347890,0
reject,sql_usage,DocumentAssessmentCreation.createInternal,48,1746000000,0
reject,sql_usage,DocumentAssessmentCreation.lambda$createInternal$0,48,217000000,0
reject,sql_usage,DocumentAssessmentDeliveryAuthorization.check,192,937000000,0
reject,sql_usage,DocumentAssessmentDiscovery.discover,48,330000000,0
reject,sql_usage,DocumentAssessmentReconciliation.observeRetained,48,1542000000,0
reject,sql_usage,DocumentAssessmentRejections.decide,48,451000000,0
reject,sql_usage,DocumentAssessmentReplayInputs.lambda$artifacts$0,48,0,0
reject,sql_usage,DocumentAssessmentReplayInputs.lambda$artifacts$1,48,7000000,0
reject,sql_usage,DocumentAssessmentReplayInputs.lambda$policy$0,48,3000000,0
reject,sql_usage,DocumentAssessmentReplayInputs.lambda$policy$1,48,0,0
reject,sql_usage,DocumentAssessmentReplayInputs.lambda$read$0,48,0,0
reject,sql_usage,DocumentAssessmentReplayInputs.lambda$read$1,48,2000000,0
reject,sql_usage,DocumentAssessmentReplayInputs.lambda$roots$0,48,0,0
reject,sql_usage,DocumentAssessmentReplayInputs.lambda$roots$1,48,2000000,0
reject,sql_usage,DocumentAssessmentStartJournal.startRetained,48,314000000,0
reject,sql_usage,DocumentOperationUploadAdmission.captureReads,96,518000000,0
reject,sql_usage,DocumentOperationUploadAdmission.recheckInitialSelections,48,208000000,0
reject,sql_usage,DocumentOperationUploadAdmission.stage,48,610000000,0
reject,sql_usage,DocumentPublicationModesJournal.loadRetained,96,283000000,0
reject,sql_usage,DocumentPublicationModesJournal.requireObservedModes,192,804000000,0
reject,sql_usage,DocumentPublicationPreparationJournal.load,96,270000000,0
reject,sql_usage,DocumentPublicationRegistration.admitInitial,48,503000000,0
reject,sql_usage,DocumentPublicationRegistration.preflight,96,77000000,0
reject,sql_usage,DocumentPublicationReplay.observe,192,374000000,0
reject,sql_usage,DocumentSchemaPolicies.read,48,23000000,0
reject,sql_usage,DocumentSelectedAttemptLedger.renew,48,299000000,0
reject,sql_usage,DocumentSelectedAttemptLedger.renewOwnerAndSelections,96,722000000,0
reject,sql_usage,RepositorySchemaArtifacts.stage,48,488000000,0
replay,jdbc_commit,DocumentPublicationReplay.observe,192,477466682,0
replay,jdbc_executeQuery,DocumentPublicationReplay.observe,576,103548334,0
replay,jdbc_executeQuery,DocumentPublicationReplay.requireRevisions,144,55251938,0
replay,jdbc_executeQuery,DocumentRevisionLocks.lock,384,75386668,0
replay,jdbc_executeQuery,RepositoryOperationLedger.requireCommand,192,23049824,0
replay,sql_acquire,DocumentPublicationReplay.observe,192,828107,0
replay,sql_usage,DocumentPublicationReplay.observe,192,982000000,0
unscoped,jdbc_commit,DocumentAssessmentReadProtection.finish,31,78139901,0
unscoped,jdbc_commit,DocumentReadPins.finish,192,565062113,0
unscoped,jdbc_commit,DocumentSelectedAttemptLedger.verifyBatch,192,565856740,0
unscoped,jdbc_executeQuery,DocumentAssessmentReadProtection.lambda$finish$0,31,28806159,0
unscoped,jdbc_executeQuery,DocumentPartAttemptLedger.read,384,47146656,0
unscoped,jdbc_executeQuery,DocumentReadPins.lambda$finish$0,192,289780706,0
unscoped,jdbc_executeQuery,DocumentSelectedAttemptLedger.lockSelected,384,64547580,0
unscoped,jdbc_executeQuery,DocumentSelectedAttemptLedger.requireOwner,192,41996312,0
unscoped,jdbc_executeQuery,RepositoryExecutionClaimLedger.lockLive,192,68938940,0
unscoped,jdbc_executeQuery,RepositoryOperationLedger.fenceLiveOwner,192,129424774,0
unscoped,jdbc_executeQuery,SqlTimeouts.apply,192,44060197,0
unscoped,jdbc_executeUpdate,DocumentSelectedAttemptLedger.lambda$verifyBatch$0,384,300975582,0
unscoped,provider_getBounded,DocumentPartTransfer.upload,192,518638121,0
unscoped,provider_getBounded,outside_ledger,240,794271572,0
unscoped,provider_put,DocumentPartTransfer.upload,192,8166024179,0
unscoped,sql_acquire,DocumentAssessmentReadProtection.finish,29,461568,0
unscoped,sql_acquire,DocumentReadPins.finish,192,2366152,0
unscoped,sql_acquire,DocumentSelectedAttemptLedger.verifyBatch,192,5373551,0
unscoped,sql_usage,DocumentAssessmentReadProtection.finish,31,98000000,0
unscoped,sql_usage,DocumentReadPins.finish,192,809000000,0
unscoped,sql_usage,DocumentSelectedAttemptLedger.verifyBatch,192,1473000000,0
