window,replicas,pool_per_replica,iterations_per_second,read_p50_ms,read_p95_ms,publish_p50_ms,publish_p95_ms,reject_p50_ms,reject_p95_ms
t00,1,8,73.38,63.66,99.32,299.08,349.24,506.74,588.89
t01,4,8,77.86,63.44,78.77,286.46,348.61,459.72,500.94
t02,2,4,65.44,80.45,122.62,329.21,386.76,545.29,614.82
t03,1,8,74.11,66.81,97.92,293.54,359.15,485.89,546.16
t04,4,2,62.21,88.19,121.86,340.03,427.86,585.15,676.12
t05,2,8,89.32,48.3,68.28,251.95,283.59,423.38,467.65
t06,2,8,87.03,50.2,71.69,258.32,297.39,418.62,468.57
t07,4,2,62.78,87.79,122.98,332.99,393.04,579.51,662.92
t08,1,8,75.53,65.12,95.06,288.18,332.71,498.29,547.56
t09,2,4,68.35,70.77,101.66,307.95,362.87,553.07,658.21
t10,4,8,80.2,55.01,70.49,275.42,348.3,449.61,508.26
t11,1,8,74.4,63.56,87.98,290.82,341.08,508.96,605.18
