run,metric,count,total_nanos,failures,mean_ms
fixed_sql-1,provider_s3_getBounded,144,913070119,0,6.340765
fixed_sql-1,provider_s3_put,72,706186404,0,9.808145
fixed_sql-1,sql_acquire,1594,6030936,0,0.003784
fixed_sql-1,sql_usage,1594,2179000000,0,1.367001
fixed_sql-1,sql_timeouts,0,0,0,""
fixed_sql-2,provider_s3_getBounded,144,1047630256,0,7.27521
fixed_sql-2,provider_s3_put,72,476805842,0,6.622303
fixed_sql-2,sql_acquire,1628,331425395,0,0.203578
fixed_sql-2,sql_usage,1627,2247000000,0,1.381069
fixed_sql-2,sql_timeouts,0,0,0,""
fixed_sql-4,provider_s3_getBounded,144,889352687,0,6.17606
fixed_sql-4,provider_s3_put,72,536163340,0,7.446713
fixed_sql-4,sql_acquire,1674,414750566,0,0.24776
fixed_sql-4,sql_usage,1674,2916000000,0,1.741935
fixed_sql-4,sql_timeouts,0,0,0,""
added_sql-1,provider_s3_getBounded,144,867246525,0,6.022545
added_sql-1,provider_s3_put,72,541149018,0,7.515959
added_sql-1,sql_acquire,1594,663556798,0,0.416284
added_sql-1,sql_usage,1594,1284000000,0,0.805521
added_sql-1,sql_timeouts,0,0,0,""
added_sql-2,provider_s3_getBounded,144,890102712,0,6.181269
added_sql-2,provider_s3_put,72,482895869,0,6.706887
added_sql-2,sql_acquire,1612,183078688,0,0.113572
added_sql-2,sql_usage,1612,2063000000,0,1.279777
added_sql-2,sql_timeouts,0,0,0,""
added_sql-4,provider_s3_getBounded,144,812556818,0,5.642756
added_sql-4,provider_s3_put,72,437824342,0,6.080894
added_sql-4,sql_acquire,1680,28484146,0,0.016955
added_sql-4,sql_usage,1680,2538000000,0,1.510714
added_sql-4,sql_timeouts,0,0,0,""
