snapshot,request_id,metric,count,total_nanos,failures
added_sql-1--1-contended-0-metrics.csv,66,provider_s3_getBounded,50,287333367,0
added_sql-1--1-contended-0-metrics.csv,66,provider_s3_put,41,264086981,0
added_sql-1--1-contended-0-metrics.csv,66,sql_acquire,684,437190533,0
added_sql-1--1-contended-0-metrics.csv,66,sql_usage,684,1273000000,0
added_sql-1--1-contended-0-metrics.csv,66,sql_timeouts,0,0,0
added_sql-1--1-contended-0-metrics.csv,66,pool_total,4,0,0
added_sql-1--1-contended-0-metrics.csv,66,pool_active,0,0,0
added_sql-1--1-contended-0-metrics.csv,66,pool_waiting,0,0,0
added_sql-1--1-mixed-0-metrics.csv,65,provider_s3_getBounded,48,281643242,0
added_sql-1--1-mixed-0-metrics.csv,65,provider_s3_put,32,201056141,0
added_sql-1--1-mixed-0-metrics.csv,65,sql_acquire,605,369207394,0
added_sql-1--1-mixed-0-metrics.csv,65,sql_usage,605,1163000000,0
added_sql-1--1-mixed-0-metrics.csv,65,sql_timeouts,0,0,0
added_sql-1--1-mixed-0-metrics.csv,65,pool_total,4,0,0
added_sql-1--1-mixed-0-metrics.csv,65,pool_active,0,0,0
added_sql-1--1-mixed-0-metrics.csv,65,pool_waiting,0,0,0
added_sql-1-0-contended-0-metrics.csv,68,provider_s3_getBounded,100,560776856,0
added_sql-1-0-contended-0-metrics.csv,68,provider_s3_put,74,549117379,0
added_sql-1-0-contended-0-metrics.csv,68,sql_acquire,1299,659243556,0
added_sql-1-0-contended-0-metrics.csv,68,sql_usage,1299,1839000000,0
added_sql-1-0-contended-0-metrics.csv,68,sql_timeouts,0,0,0
added_sql-1-0-contended-0-metrics.csv,68,pool_total,4,0,0
added_sql-1-0-contended-0-metrics.csv,68,pool_active,0,0,0
added_sql-1-0-contended-0-metrics.csv,68,pool_waiting,0,0,0
added_sql-1-0-mixed-0-metrics.csv,67,provider_s3_getBounded,98,553425131,0
added_sql-1-0-mixed-0-metrics.csv,67,provider_s3_put,65,474971011,0
added_sql-1-0-mixed-0-metrics.csv,67,sql_acquire,1220,623681102,0
added_sql-1-0-mixed-0-metrics.csv,67,sql_usage,1220,1735000000,0
added_sql-1-0-mixed-0-metrics.csv,67,sql_timeouts,0,0,0
added_sql-1-0-mixed-0-metrics.csv,67,pool_total,4,0,0
added_sql-1-0-mixed-0-metrics.csv,67,pool_active,0,0,0
added_sql-1-0-mixed-0-metrics.csv,67,pool_waiting,0,0,0
added_sql-1-1-contended-0-metrics.csv,70,provider_s3_getBounded,150,864335527,0
added_sql-1-1-contended-0-metrics.csv,70,provider_s3_put,107,752929308,0
added_sql-1-1-contended-0-metrics.csv,70,sql_acquire,1912,909396425,0
added_sql-1-1-contended-0-metrics.csv,70,sql_usage,1912,2430000000,0
added_sql-1-1-contended-0-metrics.csv,70,sql_timeouts,0,0,0
added_sql-1-1-contended-0-metrics.csv,70,pool_total,4,0,0
added_sql-1-1-contended-0-metrics.csv,70,pool_active,0,0,0
added_sql-1-1-contended-0-metrics.csv,70,pool_waiting,0,0,0
added_sql-1-1-mixed-0-metrics.csv,69,provider_s3_getBounded,148,854315808,0
added_sql-1-1-mixed-0-metrics.csv,69,provider_s3_put,98,675643895,0
added_sql-1-1-mixed-0-metrics.csv,69,sql_acquire,1827,876534427,0
added_sql-1-1-mixed-0-metrics.csv,69,sql_usage,1827,2268000000,0
added_sql-1-1-mixed-0-metrics.csv,69,sql_timeouts,0,0,0
added_sql-1-1-mixed-0-metrics.csv,69,pool_total,4,0,0
added_sql-1-1-mixed-0-metrics.csv,69,pool_active,0,0,0
added_sql-1-1-mixed-0-metrics.csv,69,pool_waiting,0,0,0
added_sql-1-2-contended-0-metrics.csv,72,provider_s3_getBounded,200,1178019897,0
added_sql-1-2-contended-0-metrics.csv,72,provider_s3_put,140,1091764077,0
added_sql-1-2-contended-0-metrics.csv,72,sql_acquire,2521,1222929955,0
added_sql-1-2-contended-0-metrics.csv,72,sql_usage,2521,2903000000,0
added_sql-1-2-contended-0-metrics.csv,72,sql_timeouts,0,0,0
added_sql-1-2-contended-0-metrics.csv,72,pool_total,4,0,0
added_sql-1-2-contended-0-metrics.csv,72,pool_active,0,0,0
added_sql-1-2-contended-0-metrics.csv,72,pool_waiting,0,0,0
added_sql-1-2-mixed-0-metrics.csv,71,provider_s3_getBounded,198,1171951336,0
added_sql-1-2-mixed-0-metrics.csv,71,provider_s3_put,131,956667780,0
added_sql-1-2-mixed-0-metrics.csv,71,sql_acquire,2442,1169171783,0
added_sql-1-2-mixed-0-metrics.csv,71,sql_usage,2442,2823000000,0
added_sql-1-2-mixed-0-metrics.csv,71,sql_timeouts,0,0,0
added_sql-1-2-mixed-0-metrics.csv,71,pool_total,4,0,0
added_sql-1-2-mixed-0-metrics.csv,71,pool_active,0,0,0
added_sql-1-2-mixed-0-metrics.csv,71,pool_waiting,0,0,0
added_sql-1-baseline-0-metrics.csv,64,provider_s3_put,8,60113374,0
added_sql-1-baseline-0-metrics.csv,64,sql_acquire,69,22753736,0
added_sql-1-baseline-0-metrics.csv,64,sql_usage,69,453000000,0
added_sql-1-baseline-0-metrics.csv,64,sql_timeouts,0,0,0
added_sql-1-baseline-0-metrics.csv,64,pool_total,4,0,0
added_sql-1-baseline-0-metrics.csv,64,pool_active,0,0,0
added_sql-1-baseline-0-metrics.csv,64,pool_waiting,0,0,0
added_sql-2--1-contended-0-metrics.csv,77,provider_s3_getBounded,26,260004157,0
added_sql-2--1-contended-0-metrics.csv,77,provider_s3_put,21,149244099,0
added_sql-2--1-contended-0-metrics.csv,77,sql_acquire,388,29051095,0
added_sql-2--1-contended-0-metrics.csv,77,sql_usage,388,1144000000,0
added_sql-2--1-contended-0-metrics.csv,77,sql_timeouts,0,0,0
added_sql-2--1-contended-0-metrics.csv,77,pool_total,4,0,0
added_sql-2--1-contended-0-metrics.csv,77,pool_active,0,0,0
added_sql-2--1-contended-0-metrics.csv,77,pool_waiting,0,0,0
added_sql-2--1-contended-1-metrics.csv,78,provider_s3_getBounded,26,317404797,0
added_sql-2--1-contended-1-metrics.csv,78,provider_s3_put,20,199288550,0
added_sql-2--1-contended-1-metrics.csv,78,sql_acquire,362,62308181,0
added_sql-2--1-contended-1-metrics.csv,78,sql_usage,362,1067000000,0
added_sql-2--1-contended-1-metrics.csv,78,sql_timeouts,0,0,0
added_sql-2--1-contended-1-metrics.csv,78,pool_total,4,0,0
added_sql-2--1-contended-1-metrics.csv,78,pool_active,0,0,0
added_sql-2--1-contended-1-metrics.csv,78,pool_waiting,0,0,0
added_sql-2--1-mixed-0-metrics.csv,75,provider_s3_getBounded,24,253263967,0
added_sql-2--1-mixed-0-metrics.csv,75,provider_s3_put,16,116093037,0
added_sql-2--1-mixed-0-metrics.csv,75,sql_acquire,341,28675725,0
added_sql-2--1-mixed-0-metrics.csv,75,sql_usage,341,1030000000,0
added_sql-2--1-mixed-0-metrics.csv,75,sql_timeouts,0,0,0
added_sql-2--1-mixed-0-metrics.csv,75,pool_total,4,0,0
added_sql-2--1-mixed-0-metrics.csv,75,pool_active,0,0,0
added_sql-2--1-mixed-0-metrics.csv,75,pool_waiting,0,0,0
added_sql-2--1-mixed-1-metrics.csv,76,provider_s3_getBounded,24,312885986,0
added_sql-2--1-mixed-1-metrics.csv,76,provider_s3_put,16,175815501,0
added_sql-2--1-mixed-1-metrics.csv,76,sql_acquire,320,61925628,0
added_sql-2--1-mixed-1-metrics.csv,76,sql_usage,320,998000000,0
added_sql-2--1-mixed-1-metrics.csv,76,sql_timeouts,0,0,0
added_sql-2--1-mixed-1-metrics.csv,76,pool_total,4,0,0
added_sql-2--1-mixed-1-metrics.csv,76,pool_active,0,0,0
added_sql-2--1-mixed-1-metrics.csv,76,pool_waiting,0,0,0
added_sql-2-0-contended-0-metrics.csv,81,provider_s3_getBounded,52,377681195,0
added_sql-2-0-contended-0-metrics.csv,81,provider_s3_put,38,252171562,0
added_sql-2-0-contended-0-metrics.csv,81,sql_acquire,707,41168125,0
added_sql-2-0-contended-0-metrics.csv,81,sql_usage,707,1620000000,0
added_sql-2-0-contended-0-metrics.csv,81,sql_timeouts,0,0,0
added_sql-2-0-contended-0-metrics.csv,81,pool_total,4,0,0
added_sql-2-0-contended-0-metrics.csv,81,pool_active,0,0,0
added_sql-2-0-contended-0-metrics.csv,81,pool_waiting,0,0,0
added_sql-2-0-contended-1-metrics.csv,82,provider_s3_getBounded,52,441158588,0
added_sql-2-0-contended-1-metrics.csv,82,provider_s3_put,36,295055049,0
added_sql-2-0-contended-1-metrics.csv,82,sql_acquire,676,74766562,0
added_sql-2-0-contended-1-metrics.csv,82,sql_usage,676,1455000000,0
added_sql-2-0-contended-1-metrics.csv,82,sql_timeouts,0,0,0
added_sql-2-0-contended-1-metrics.csv,82,pool_total,4,0,0
added_sql-2-0-contended-1-metrics.csv,82,pool_active,0,0,0
added_sql-2-0-contended-1-metrics.csv,82,pool_waiting,0,0,0
added_sql-2-0-mixed-0-metrics.csv,79,provider_s3_getBounded,50,371341983,0
added_sql-2-0-mixed-0-metrics.csv,79,provider_s3_put,33,219109698,0
added_sql-2-0-mixed-0-metrics.csv,79,sql_acquire,660,40975807,0
added_sql-2-0-mixed-0-metrics.csv,79,sql_usage,660,1566000000,0
added_sql-2-0-mixed-0-metrics.csv,79,sql_timeouts,0,0,0
added_sql-2-0-mixed-0-metrics.csv,79,pool_total,4,0,0
added_sql-2-0-mixed-0-metrics.csv,79,pool_active,0,0,0
added_sql-2-0-mixed-0-metrics.csv,79,pool_waiting,0,0,0
added_sql-2-0-mixed-1-metrics.csv,80,provider_s3_getBounded,50,434658191,0
added_sql-2-0-mixed-1-metrics.csv,80,provider_s3_put,32,274193637,0
added_sql-2-0-mixed-1-metrics.csv,80,sql_acquire,634,74555422,0
added_sql-2-0-mixed-1-metrics.csv,80,sql_usage,634,1418000000,0
added_sql-2-0-mixed-1-metrics.csv,80,sql_timeouts,0,0,0
added_sql-2-0-mixed-1-metrics.csv,80,pool_total,4,0,0
added_sql-2-0-mixed-1-metrics.csv,80,pool_active,0,0,0
added_sql-2-0-mixed-1-metrics.csv,80,pool_waiting,0,0,0
added_sql-2-1-contended-0-metrics.csv,85,provider_s3_getBounded,78,552452406,0
added_sql-2-1-contended-0-metrics.csv,85,provider_s3_put,55,359871715,0
added_sql-2-1-contended-0-metrics.csv,85,sql_acquire,1027,104971868,0
added_sql-2-1-contended-0-metrics.csv,85,sql_usage,1027,2019000000,0
added_sql-2-1-contended-0-metrics.csv,85,sql_timeouts,0,0,0
added_sql-2-1-contended-0-metrics.csv,85,pool_total,4,0,0
added_sql-2-1-contended-0-metrics.csv,85,pool_active,0,0,0
added_sql-2-1-contended-0-metrics.csv,85,pool_waiting,0,0,0
added_sql-2-1-contended-1-metrics.csv,86,provider_s3_getBounded,78,628598695,0
added_sql-2-1-contended-1-metrics.csv,86,provider_s3_put,52,422051958,0
added_sql-2-1-contended-1-metrics.csv,86,sql_acquire,989,124178449,0
added_sql-2-1-contended-1-metrics.csv,86,sql_usage,989,1821000000,0
added_sql-2-1-contended-1-metrics.csv,86,sql_timeouts,0,0,0
added_sql-2-1-contended-1-metrics.csv,86,pool_total,4,0,0
added_sql-2-1-contended-1-metrics.csv,86,pool_active,0,0,0
added_sql-2-1-contended-1-metrics.csv,86,pool_waiting,0,0,0
added_sql-2-1-mixed-0-metrics.csv,83,provider_s3_getBounded,76,545716754,0
added_sql-2-1-mixed-0-metrics.csv,83,provider_s3_put,50,335561355,0
added_sql-2-1-mixed-0-metrics.csv,83,sql_acquire,977,104704545,0
added_sql-2-1-mixed-0-metrics.csv,83,sql_usage,977,1956000000,0
added_sql-2-1-mixed-0-metrics.csv,83,sql_timeouts,0,0,0
added_sql-2-1-mixed-0-metrics.csv,83,pool_total,4,0,0
added_sql-2-1-mixed-0-metrics.csv,83,pool_active,0,0,0
added_sql-2-1-mixed-0-metrics.csv,83,pool_waiting,0,0,0
added_sql-2-1-mixed-1-metrics.csv,84,provider_s3_getBounded,76,618963874,0
added_sql-2-1-mixed-1-metrics.csv,84,provider_s3_put,48,401308127,0
added_sql-2-1-mixed-1-metrics.csv,84,sql_acquire,946,123851629,0
added_sql-2-1-mixed-1-metrics.csv,84,sql_usage,946,1750000000,0
added_sql-2-1-mixed-1-metrics.csv,84,sql_timeouts,0,0,0
added_sql-2-1-mixed-1-metrics.csv,84,pool_total,4,0,0
added_sql-2-1-mixed-1-metrics.csv,84,pool_active,0,0,0
added_sql-2-1-mixed-1-metrics.csv,84,pool_waiting,0,0,0
added_sql-2-2-contended-0-metrics.csv,89,provider_s3_getBounded,104,716016974,0
added_sql-2-2-contended-0-metrics.csv,89,provider_s3_put,72,445772384,0
added_sql-2-2-contended-0-metrics.csv,89,sql_acquire,1344,122098399,0
added_sql-2-2-contended-0-metrics.csv,89,sql_usage,1344,2391000000,0
added_sql-2-2-contended-0-metrics.csv,89,sql_timeouts,0,0,0
added_sql-2-2-contended-0-metrics.csv,89,pool_total,4,0,0
added_sql-2-2-contended-0-metrics.csv,89,pool_active,0,0,0
added_sql-2-2-contended-0-metrics.csv,89,pool_waiting,0,0,0
added_sql-2-2-contended-1-metrics.csv,90,provider_s3_getBounded,104,793573257,0
added_sql-2-2-contended-1-metrics.csv,90,provider_s3_put,68,530292704,0
added_sql-2-2-contended-1-metrics.csv,90,sql_acquire,1301,153832182,0
added_sql-2-2-contended-1-metrics.csv,90,sql_usage,1301,2207000000,0
added_sql-2-2-contended-1-metrics.csv,90,sql_timeouts,0,0,0
added_sql-2-2-contended-1-metrics.csv,90,pool_total,4,0,0
added_sql-2-2-contended-1-metrics.csv,90,pool_active,0,0,0
added_sql-2-2-contended-1-metrics.csv,90,pool_waiting,0,0,0
added_sql-2-2-mixed-0-metrics.csv,87,provider_s3_getBounded,102,709994851,0
added_sql-2-2-mixed-0-metrics.csv,87,provider_s3_put,67,423228632,0
added_sql-2-2-mixed-0-metrics.csv,87,sql_acquire,1291,121864828,0
added_sql-2-2-mixed-0-metrics.csv,87,sql_usage,1291,2312000000,0
added_sql-2-2-mixed-0-metrics.csv,87,sql_timeouts,0,0,0
added_sql-2-2-mixed-0-metrics.csv,87,pool_total,4,0,0
added_sql-2-2-mixed-0-metrics.csv,87,pool_active,0,0,0
added_sql-2-2-mixed-0-metrics.csv,87,pool_waiting,0,0,0
added_sql-2-2-mixed-1-metrics.csv,88,provider_s3_getBounded,102,786726897,0
added_sql-2-2-mixed-1-metrics.csv,88,provider_s3_put,64,507177353,0
added_sql-2-2-mixed-1-metrics.csv,88,sql_acquire,1253,153570737,0
added_sql-2-2-mixed-1-metrics.csv,88,sql_usage,1253,2187000000,0
added_sql-2-2-mixed-1-metrics.csv,88,sql_timeouts,0,0,0
added_sql-2-2-mixed-1-metrics.csv,88,pool_total,4,0,0
added_sql-2-2-mixed-1-metrics.csv,88,pool_active,0,0,0
added_sql-2-2-mixed-1-metrics.csv,88,pool_waiting,0,0,0
added_sql-2-baseline-0-metrics.csv,73,provider_s3_put,4,42673290,0
added_sql-2-baseline-0-metrics.csv,73,sql_acquire,69,23021353,0
added_sql-2-baseline-0-metrics.csv,73,sql_usage,69,392000000,0
added_sql-2-baseline-0-metrics.csv,73,sql_timeouts,0,0,0
added_sql-2-baseline-0-metrics.csv,73,pool_total,4,0,0
added_sql-2-baseline-0-metrics.csv,73,pool_active,0,0,0
added_sql-2-baseline-0-metrics.csv,73,pool_waiting,0,0,0
added_sql-2-baseline-1-metrics.csv,74,provider_s3_put,4,106370629,0
added_sql-2-baseline-1-metrics.csv,74,sql_acquire,48,20680235,0
added_sql-2-baseline-1-metrics.csv,74,sql_usage,48,361000000,0
added_sql-2-baseline-1-metrics.csv,74,sql_timeouts,0,0,0
added_sql-2-baseline-1-metrics.csv,74,pool_total,4,0,0
added_sql-2-baseline-1-metrics.csv,74,pool_active,0,0,0
added_sql-2-baseline-1-metrics.csv,74,pool_waiting,0,0,0
added_sql-4--1-contended-0-metrics.csv,99,provider_s3_getBounded,14,137496955,0
added_sql-4--1-contended-0-metrics.csv,99,provider_s3_put,11,91813463,0
added_sql-4--1-contended-0-metrics.csv,99,sql_acquire,277,39585273,0
added_sql-4--1-contended-0-metrics.csv,99,sql_usage,277,789000000,0
added_sql-4--1-contended-0-metrics.csv,99,sql_timeouts,0,0,0
added_sql-4--1-contended-0-metrics.csv,99,pool_total,4,0,0
added_sql-4--1-contended-0-metrics.csv,99,pool_active,0,0,0
added_sql-4--1-contended-0-metrics.csv,99,pool_waiting,0,0,0
added_sql-4--1-contended-1-metrics.csv,100,provider_s3_getBounded,14,137551845,0
added_sql-4--1-contended-1-metrics.csv,100,provider_s3_put,10,129142725,0
added_sql-4--1-contended-1-metrics.csv,100,sql_acquire,250,38860742,0
added_sql-4--1-contended-1-metrics.csv,100,sql_usage,250,769000000,0
added_sql-4--1-contended-1-metrics.csv,100,sql_timeouts,0,0,0
added_sql-4--1-contended-1-metrics.csv,100,pool_total,4,0,0
added_sql-4--1-contended-1-metrics.csv,100,pool_active,0,0,0
added_sql-4--1-contended-1-metrics.csv,100,pool_waiting,0,0,0
added_sql-4--1-contended-2-metrics.csv,101,provider_s3_getBounded,14,159809068,0
added_sql-4--1-contended-2-metrics.csv,101,provider_s3_put,10,154543665,0
added_sql-4--1-contended-2-metrics.csv,101,sql_acquire,233,32800682,0
added_sql-4--1-contended-2-metrics.csv,101,sql_usage,233,725000000,0
added_sql-4--1-contended-2-metrics.csv,101,sql_timeouts,0,0,0
added_sql-4--1-contended-2-metrics.csv,101,pool_total,4,0,0
added_sql-4--1-contended-2-metrics.csv,101,pool_active,0,0,0
added_sql-4--1-contended-2-metrics.csv,101,pool_waiting,0,0,0
added_sql-4--1-contended-3-metrics.csv,102,provider_s3_getBounded,14,155874204,0
added_sql-4--1-contended-3-metrics.csv,102,provider_s3_put,10,150831108,0
added_sql-4--1-contended-3-metrics.csv,102,sql_acquire,218,28968140,0
added_sql-4--1-contended-3-metrics.csv,102,sql_usage,218,678000000,0
added_sql-4--1-contended-3-metrics.csv,102,sql_timeouts,0,0,0
added_sql-4--1-contended-3-metrics.csv,102,pool_total,4,0,0
added_sql-4--1-contended-3-metrics.csv,102,pool_active,0,0,0
added_sql-4--1-contended-3-metrics.csv,102,pool_waiting,0,0,0
added_sql-4--1-mixed-0-metrics.csv,95,provider_s3_getBounded,12,128441339,0
added_sql-4--1-mixed-0-metrics.csv,95,provider_s3_put,8,70560100,0
added_sql-4--1-mixed-0-metrics.csv,95,sql_acquire,245,39338149,0
added_sql-4--1-mixed-0-metrics.csv,95,sql_usage,245,706000000,0
added_sql-4--1-mixed-0-metrics.csv,95,sql_timeouts,0,0,0
added_sql-4--1-mixed-0-metrics.csv,95,pool_total,4,0,0
added_sql-4--1-mixed-0-metrics.csv,95,pool_active,0,0,0
added_sql-4--1-mixed-0-metrics.csv,95,pool_waiting,0,0,0
added_sql-4--1-mixed-1-metrics.csv,96,provider_s3_getBounded,12,129169471,0
added_sql-4--1-mixed-1-metrics.csv,96,provider_s3_put,8,120818180,0
added_sql-4--1-mixed-1-metrics.csv,96,sql_acquire,224,38691383,0
added_sql-4--1-mixed-1-metrics.csv,96,sql_usage,224,710000000,0
added_sql-4--1-mixed-1-metrics.csv,96,sql_timeouts,0,0,0
added_sql-4--1-mixed-1-metrics.csv,96,pool_total,4,0,0
added_sql-4--1-mixed-1-metrics.csv,96,pool_active,0,0,0
added_sql-4--1-mixed-1-metrics.csv,96,pool_waiting,0,0,0
added_sql-4--1-mixed-2-metrics.csv,97,provider_s3_getBounded,12,150410903,0
added_sql-4--1-mixed-2-metrics.csv,97,provider_s3_put,8,137971802,0
added_sql-4--1-mixed-2-metrics.csv,97,sql_acquire,208,32593981,0
added_sql-4--1-mixed-2-metrics.csv,97,sql_usage,208,671000000,0
added_sql-4--1-mixed-2-metrics.csv,97,sql_timeouts,0,0,0
added_sql-4--1-mixed-2-metrics.csv,97,pool_total,4,0,0
added_sql-4--1-mixed-2-metrics.csv,97,pool_active,0,0,0
added_sql-4--1-mixed-2-metrics.csv,97,pool_waiting,0,0,0
added_sql-4--1-mixed-3-metrics.csv,98,provider_s3_getBounded,12,148571510,0
added_sql-4--1-mixed-3-metrics.csv,98,provider_s3_put,8,133791150,0
added_sql-4--1-mixed-3-metrics.csv,98,sql_acquire,192,28772931,0
added_sql-4--1-mixed-3-metrics.csv,98,sql_usage,192,656000000,0
added_sql-4--1-mixed-3-metrics.csv,98,sql_timeouts,0,0,0
added_sql-4--1-mixed-3-metrics.csv,98,pool_total,4,0,0
added_sql-4--1-mixed-3-metrics.csv,98,pool_active,0,0,0
added_sql-4--1-mixed-3-metrics.csv,98,pool_waiting,0,0,0
added_sql-4-0-contended-0-metrics.csv,107,provider_s3_getBounded,28,199282832,0
added_sql-4-0-contended-0-metrics.csv,107,provider_s3_put,20,156068216,0
added_sql-4-0-contended-0-metrics.csv,107,sql_acquire,449,41704550,0
added_sql-4-0-contended-0-metrics.csv,107,sql_usage,449,1088000000,0
added_sql-4-0-contended-0-metrics.csv,107,sql_timeouts,0,0,0
added_sql-4-0-contended-0-metrics.csv,107,pool_total,4,0,0
added_sql-4-0-contended-0-metrics.csv,107,pool_active,0,0,0
added_sql-4-0-contended-0-metrics.csv,107,pool_waiting,0,0,0
added_sql-4-0-contended-1-metrics.csv,108,provider_s3_getBounded,28,207777193,0
added_sql-4-0-contended-1-metrics.csv,108,provider_s3_put,18,187386005,0
added_sql-4-0-contended-1-metrics.csv,108,sql_acquire,416,41544112,0
added_sql-4-0-contended-1-metrics.csv,108,sql_usage,416,1050000000,0
added_sql-4-0-contended-1-metrics.csv,108,sql_timeouts,0,0,0
added_sql-4-0-contended-1-metrics.csv,108,pool_total,4,0,0
added_sql-4-0-contended-1-metrics.csv,108,pool_active,0,0,0
added_sql-4-0-contended-1-metrics.csv,108,pool_waiting,0,0,0
added_sql-4-0-contended-2-metrics.csv,109,provider_s3_getBounded,28,240574850,0
added_sql-4-0-contended-2-metrics.csv,109,provider_s3_put,18,209775795,0
added_sql-4-0-contended-2-metrics.csv,109,sql_acquire,398,35085834,0
added_sql-4-0-contended-2-metrics.csv,109,sql_usage,398,1023000000,0
added_sql-4-0-contended-2-metrics.csv,109,sql_timeouts,0,0,0
added_sql-4-0-contended-2-metrics.csv,109,pool_total,4,0,0
added_sql-4-0-contended-2-metrics.csv,109,pool_active,0,0,0
added_sql-4-0-contended-2-metrics.csv,109,pool_waiting,0,0,0
added_sql-4-0-contended-3-metrics.csv,110,provider_s3_getBounded,28,238560920,0
added_sql-4-0-contended-3-metrics.csv,110,provider_s3_put,18,210595654,0
added_sql-4-0-contended-3-metrics.csv,110,sql_acquire,384,31927969,0
added_sql-4-0-contended-3-metrics.csv,110,sql_usage,384,941000000,0
added_sql-4-0-contended-3-metrics.csv,110,sql_timeouts,0,0,0
added_sql-4-0-contended-3-metrics.csv,110,pool_total,4,0,0
added_sql-4-0-contended-3-metrics.csv,110,pool_active,0,0,0
added_sql-4-0-contended-3-metrics.csv,110,pool_waiting,0,0,0
added_sql-4-0-mixed-0-metrics.csv,103,provider_s3_getBounded,26,191755384,0
added_sql-4-0-mixed-0-metrics.csv,103,provider_s3_put,17,133328523,0
added_sql-4-0-mixed-0-metrics.csv,103,sql_acquire,417,41493461,0
added_sql-4-0-mixed-0-metrics.csv,103,sql_usage,417,1044000000,0
added_sql-4-0-mixed-0-metrics.csv,103,sql_timeouts,0,0,0
added_sql-4-0-mixed-0-metrics.csv,103,pool_total,4,0,0
added_sql-4-0-mixed-0-metrics.csv,103,pool_active,0,0,0
added_sql-4-0-mixed-0-metrics.csv,103,pool_waiting,0,0,0
added_sql-4-0-mixed-1-metrics.csv,104,provider_s3_getBounded,26,200485821,0
added_sql-4-0-mixed-1-metrics.csv,104,provider_s3_put,16,174734311,0
added_sql-4-0-mixed-1-metrics.csv,104,sql_acquire,390,41391031,0
added_sql-4-0-mixed-1-metrics.csv,104,sql_usage,390,1025000000,0
added_sql-4-0-mixed-1-metrics.csv,104,sql_timeouts,0,0,0
added_sql-4-0-mixed-1-metrics.csv,104,pool_total,4,0,0
added_sql-4-0-mixed-1-metrics.csv,104,pool_active,0,0,0
added_sql-4-0-mixed-1-metrics.csv,104,pool_waiting,0,0,0
added_sql-4-0-mixed-2-metrics.csv,105,provider_s3_getBounded,26,233278218,0
added_sql-4-0-mixed-2-metrics.csv,105,provider_s3_put,16,197807683,0
added_sql-4-0-mixed-2-metrics.csv,105,sql_acquire,373,34915663,0
added_sql-4-0-mixed-2-metrics.csv,105,sql_usage,373,986000000,0
added_sql-4-0-mixed-2-metrics.csv,105,sql_timeouts,0,0,0
added_sql-4-0-mixed-2-metrics.csv,105,pool_total,4,0,0
added_sql-4-0-mixed-2-metrics.csv,105,pool_active,0,0,0
added_sql-4-0-mixed-2-metrics.csv,105,pool_waiting,0,0,0
added_sql-4-0-mixed-3-metrics.csv,106,provider_s3_getBounded,26,230677358,0
added_sql-4-0-mixed-3-metrics.csv,106,provider_s3_put,16,185246490,0
added_sql-4-0-mixed-3-metrics.csv,106,sql_acquire,358,31690422,0
added_sql-4-0-mixed-3-metrics.csv,106,sql_usage,358,925000000,0
added_sql-4-0-mixed-3-metrics.csv,106,sql_timeouts,0,0,0
added_sql-4-0-mixed-3-metrics.csv,106,pool_total,4,0,0
added_sql-4-0-mixed-3-metrics.csv,106,pool_active,0,0,0
added_sql-4-0-mixed-3-metrics.csv,106,pool_waiting,0,0,0
added_sql-4-1-contended-0-metrics.csv,115,provider_s3_getBounded,42,266461593,0
added_sql-4-1-contended-0-metrics.csv,115,provider_s3_put,29,218044665,0
added_sql-4-1-contended-0-metrics.csv,115,sql_acquire,621,44149198,0
added_sql-4-1-contended-0-metrics.csv,115,sql_usage,621,1312000000,0
added_sql-4-1-contended-0-metrics.csv,115,sql_timeouts,0,0,0
added_sql-4-1-contended-0-metrics.csv,115,pool_total,4,0,0
added_sql-4-1-contended-0-metrics.csv,115,pool_active,0,0,0
added_sql-4-1-contended-0-metrics.csv,115,pool_waiting,0,0,0
added_sql-4-1-contended-1-metrics.csv,116,provider_s3_getBounded,42,270423395,0
added_sql-4-1-contended-1-metrics.csv,116,provider_s3_put,26,230233556,0
added_sql-4-1-contended-1-metrics.csv,116,sql_acquire,581,45987911,0
added_sql-4-1-contended-1-metrics.csv,116,sql_usage,581,1297000000,0
added_sql-4-1-contended-1-metrics.csv,116,sql_timeouts,0,0,0
added_sql-4-1-contended-1-metrics.csv,116,pool_total,4,0,0
added_sql-4-1-contended-1-metrics.csv,116,pool_active,0,0,0
added_sql-4-1-contended-1-metrics.csv,116,pool_waiting,0,0,0
added_sql-4-1-contended-2-metrics.csv,117,provider_s3_getBounded,42,346706827,0
added_sql-4-1-contended-2-metrics.csv,117,provider_s3_put,26,256870833,0
added_sql-4-1-contended-2-metrics.csv,117,sql_acquire,564,39090932,0
added_sql-4-1-contended-2-metrics.csv,117,sql_usage,564,1229000000,0
added_sql-4-1-contended-2-metrics.csv,117,sql_timeouts,0,0,0
added_sql-4-1-contended-2-metrics.csv,117,pool_total,4,0,0
added_sql-4-1-contended-2-metrics.csv,117,pool_active,0,0,0
added_sql-4-1-contended-2-metrics.csv,117,pool_waiting,0,0,0
added_sql-4-1-contended-3-metrics.csv,118,provider_s3_getBounded,42,317199973,0
added_sql-4-1-contended-3-metrics.csv,118,provider_s3_put,26,248717302,0
added_sql-4-1-contended-3-metrics.csv,118,sql_acquire,550,33810541,0
added_sql-4-1-contended-3-metrics.csv,118,sql_usage,550,1126000000,0
added_sql-4-1-contended-3-metrics.csv,118,sql_timeouts,0,0,0
added_sql-4-1-contended-3-metrics.csv,118,pool_total,4,0,0
added_sql-4-1-contended-3-metrics.csv,118,pool_active,0,0,0
added_sql-4-1-contended-3-metrics.csv,118,pool_waiting,0,0,0
added_sql-4-1-mixed-0-metrics.csv,111,provider_s3_getBounded,40,256868631,0
added_sql-4-1-mixed-0-metrics.csv,111,provider_s3_put,26,188483139,0
added_sql-4-1-mixed-0-metrics.csv,111,sql_acquire,589,43938225,0
added_sql-4-1-mixed-0-metrics.csv,111,sql_usage,589,1269000000,0
added_sql-4-1-mixed-0-metrics.csv,111,sql_timeouts,0,0,0
added_sql-4-1-mixed-0-metrics.csv,111,pool_total,4,0,0
added_sql-4-1-mixed-0-metrics.csv,111,pool_active,0,0,0
added_sql-4-1-mixed-0-metrics.csv,111,pool_waiting,0,0,0
added_sql-4-1-mixed-1-metrics.csv,112,provider_s3_getBounded,40,263990436,0
added_sql-4-1-mixed-1-metrics.csv,112,provider_s3_put,24,221816015,0
added_sql-4-1-mixed-1-metrics.csv,112,sql_acquire,556,45804844,0
added_sql-4-1-mixed-1-metrics.csv,112,sql_usage,556,1257000000,0
added_sql-4-1-mixed-1-metrics.csv,112,sql_timeouts,0,0,0
added_sql-4-1-mixed-1-metrics.csv,112,pool_total,4,0,0
added_sql-4-1-mixed-1-metrics.csv,112,pool_active,0,0,0
added_sql-4-1-mixed-1-metrics.csv,112,pool_waiting,0,0,0
added_sql-4-1-mixed-2-metrics.csv,113,provider_s3_getBounded,40,340948733,0
added_sql-4-1-mixed-2-metrics.csv,113,provider_s3_put,24,247260657,0
added_sql-4-1-mixed-2-metrics.csv,113,sql_acquire,538,38937671,0
added_sql-4-1-mixed-2-metrics.csv,113,sql_usage,538,1212000000,0
added_sql-4-1-mixed-2-metrics.csv,113,sql_timeouts,0,0,0
added_sql-4-1-mixed-2-metrics.csv,113,pool_total,4,0,0
added_sql-4-1-mixed-2-metrics.csv,113,pool_active,0,0,0
added_sql-4-1-mixed-2-metrics.csv,113,pool_waiting,0,0,0
added_sql-4-1-mixed-3-metrics.csv,114,provider_s3_getBounded,40,310561004,0
added_sql-4-1-mixed-3-metrics.csv,114,provider_s3_put,24,241661014,0
added_sql-4-1-mixed-3-metrics.csv,114,sql_acquire,524,33665952,0
added_sql-4-1-mixed-3-metrics.csv,114,sql_usage,524,1119000000,0
added_sql-4-1-mixed-3-metrics.csv,114,sql_timeouts,0,0,0
added_sql-4-1-mixed-3-metrics.csv,114,pool_total,4,0,0
added_sql-4-1-mixed-3-metrics.csv,114,pool_active,0,0,0
added_sql-4-1-mixed-3-metrics.csv,114,pool_waiting,0,0,0
added_sql-4-2-contended-0-metrics.csv,123,provider_s3_getBounded,56,334874529,0
added_sql-4-2-contended-0-metrics.csv,123,provider_s3_put,38,280977758,0
added_sql-4-2-contended-0-metrics.csv,123,sql_acquire,793,45948940,0
added_sql-4-2-contended-0-metrics.csv,123,sql_usage,793,1540000000,0
added_sql-4-2-contended-0-metrics.csv,123,sql_timeouts,0,0,0
added_sql-4-2-contended-0-metrics.csv,123,pool_total,4,0,0
added_sql-4-2-contended-0-metrics.csv,123,pool_active,0,0,0
added_sql-4-2-contended-0-metrics.csv,123,pool_waiting,0,0,0
added_sql-4-2-contended-1-metrics.csv,124,provider_s3_getBounded,56,335582818,0
added_sql-4-2-contended-1-metrics.csv,124,provider_s3_put,34,277138065,0
added_sql-4-2-contended-1-metrics.csv,124,sql_acquire,746,47728840,0
added_sql-4-2-contended-1-metrics.csv,124,sql_usage,746,1535000000,0
added_sql-4-2-contended-1-metrics.csv,124,sql_timeouts,0,0,0
added_sql-4-2-contended-1-metrics.csv,124,pool_total,4,0,0
added_sql-4-2-contended-1-metrics.csv,124,pool_active,0,0,0
added_sql-4-2-contended-1-metrics.csv,124,pool_waiting,0,0,0
added_sql-4-2-contended-2-metrics.csv,125,provider_s3_getBounded,56,418858286,0
added_sql-4-2-contended-2-metrics.csv,125,provider_s3_put,34,298019282,0
added_sql-4-2-contended-2-metrics.csv,125,sql_acquire,730,41808662,0
added_sql-4-2-contended-2-metrics.csv,125,sql_usage,730,1463000000,0
added_sql-4-2-contended-2-metrics.csv,125,sql_timeouts,0,0,0
added_sql-4-2-contended-2-metrics.csv,125,pool_total,4,0,0
added_sql-4-2-contended-2-metrics.csv,125,pool_active,0,0,0
added_sql-4-2-contended-2-metrics.csv,125,pool_waiting,0,0,0
added_sql-4-2-contended-3-metrics.csv,126,provider_s3_getBounded,56,403674791,0
added_sql-4-2-contended-3-metrics.csv,126,provider_s3_put,34,300674823,0
added_sql-4-2-contended-3-metrics.csv,126,sql_acquire,716,35364490,0
added_sql-4-2-contended-3-metrics.csv,126,sql_usage,716,1331000000,0
added_sql-4-2-contended-3-metrics.csv,126,sql_timeouts,0,0,0
added_sql-4-2-contended-3-metrics.csv,126,pool_total,4,0,0
added_sql-4-2-contended-3-metrics.csv,126,pool_active,0,0,0
added_sql-4-2-contended-3-metrics.csv,126,pool_waiting,0,0,0
added_sql-4-2-mixed-0-metrics.csv,119,provider_s3_getBounded,54,325881099,0
added_sql-4-2-mixed-0-metrics.csv,119,provider_s3_put,35,246034178,0
added_sql-4-2-mixed-0-metrics.csv,119,sql_acquire,761,45774623,0
added_sql-4-2-mixed-0-metrics.csv,119,sql_usage,761,1504000000,0
added_sql-4-2-mixed-0-metrics.csv,119,sql_timeouts,0,0,0
added_sql-4-2-mixed-0-metrics.csv,119,pool_total,4,0,0
added_sql-4-2-mixed-0-metrics.csv,119,pool_active,0,0,0
added_sql-4-2-mixed-0-metrics.csv,119,pool_waiting,0,0,0
added_sql-4-2-mixed-1-metrics.csv,120,provider_s3_getBounded,54,330166440,0
added_sql-4-2-mixed-1-metrics.csv,120,provider_s3_put,32,267712779,0
added_sql-4-2-mixed-1-metrics.csv,120,sql_acquire,721,47570381,0
added_sql-4-2-mixed-1-metrics.csv,120,sql_usage,721,1490000000,0
added_sql-4-2-mixed-1-metrics.csv,120,sql_timeouts,0,0,0
added_sql-4-2-mixed-1-metrics.csv,120,pool_total,4,0,0
added_sql-4-2-mixed-1-metrics.csv,120,pool_active,0,0,0
added_sql-4-2-mixed-1-metrics.csv,120,pool_waiting,0,0,0
added_sql-4-2-mixed-2-metrics.csv,121,provider_s3_getBounded,54,410568066,0
added_sql-4-2-mixed-2-metrics.csv,121,provider_s3_put,32,286821576,0
added_sql-4-2-mixed-2-metrics.csv,121,sql_acquire,704,41640657,0
added_sql-4-2-mixed-2-metrics.csv,121,sql_usage,704,1417000000,0
added_sql-4-2-mixed-2-metrics.csv,121,sql_timeouts,0,0,0
added_sql-4-2-mixed-2-metrics.csv,121,pool_total,4,0,0
added_sql-4-2-mixed-2-metrics.csv,121,pool_active,0,0,0
added_sql-4-2-mixed-2-metrics.csv,121,pool_waiting,0,0,0
added_sql-4-2-mixed-3-metrics.csv,122,provider_s3_getBounded,54,395095283,0
added_sql-4-2-mixed-3-metrics.csv,122,provider_s3_put,32,290940964,0
added_sql-4-2-mixed-3-metrics.csv,122,sql_acquire,690,35177100,0
added_sql-4-2-mixed-3-metrics.csv,122,sql_usage,690,1317000000,0
added_sql-4-2-mixed-3-metrics.csv,122,sql_timeouts,0,0,0
added_sql-4-2-mixed-3-metrics.csv,122,pool_total,4,0,0
added_sql-4-2-mixed-3-metrics.csv,122,pool_active,0,0,0
added_sql-4-2-mixed-3-metrics.csv,122,pool_waiting,0,0,0
added_sql-4-baseline-0-metrics.csv,91,provider_s3_put,2,34556838,0
added_sql-4-baseline-0-metrics.csv,91,sql_acquire,105,36741869,0
added_sql-4-baseline-0-metrics.csv,91,sql_usage,105,389000000,0
added_sql-4-baseline-0-metrics.csv,91,sql_timeouts,0,0,0
added_sql-4-baseline-0-metrics.csv,91,pool_total,4,0,0
added_sql-4-baseline-0-metrics.csv,91,pool_active,0,0,0
added_sql-4-baseline-0-metrics.csv,91,pool_waiting,0,0,0
added_sql-4-baseline-1-metrics.csv,92,provider_s3_put,2,85486376,0
added_sql-4-baseline-1-metrics.csv,92,sql_acquire,84,34269897,0
added_sql-4-baseline-1-metrics.csv,92,sql_usage,84,373000000,0
added_sql-4-baseline-1-metrics.csv,92,sql_timeouts,0,0,0
added_sql-4-baseline-1-metrics.csv,92,pool_total,4,0,0
added_sql-4-baseline-1-metrics.csv,92,pool_active,0,0,0
added_sql-4-baseline-1-metrics.csv,92,pool_waiting,0,0,0
added_sql-4-baseline-2-metrics.csv,93,provider_s3_put,2,97323870,0
added_sql-4-baseline-2-metrics.csv,93,sql_acquire,68,28276829,0
added_sql-4-baseline-2-metrics.csv,93,sql_usage,68,341000000,0
added_sql-4-baseline-2-metrics.csv,93,sql_timeouts,0,0,0
added_sql-4-baseline-2-metrics.csv,93,pool_total,4,0,0
added_sql-4-baseline-2-metrics.csv,93,pool_active,0,0,0
added_sql-4-baseline-2-metrics.csv,93,pool_waiting,0,0,0
added_sql-4-baseline-3-metrics.csv,94,provider_s3_put,2,94612225,0
added_sql-4-baseline-3-metrics.csv,94,sql_acquire,52,26236666,0
added_sql-4-baseline-3-metrics.csv,94,sql_usage,52,346000000,0
added_sql-4-baseline-3-metrics.csv,94,sql_timeouts,0,0,0
added_sql-4-baseline-3-metrics.csv,94,pool_total,4,0,0
added_sql-4-baseline-3-metrics.csv,94,pool_active,0,0,0
added_sql-4-baseline-3-metrics.csv,94,pool_waiting,0,0,0
fixed_sql-1--1-contended-0-metrics.csv,3,provider_s3_getBounded,50,305660266,0
fixed_sql-1--1-contended-0-metrics.csv,3,provider_s3_put,41,313882666,0
fixed_sql-1--1-contended-0-metrics.csv,3,sql_acquire,708,26412188,0
fixed_sql-1--1-contended-0-metrics.csv,3,sql_usage,708,1739000000,0
fixed_sql-1--1-contended-0-metrics.csv,3,sql_timeouts,0,0,0
fixed_sql-1--1-contended-0-metrics.csv,3,pool_total,8,0,0
fixed_sql-1--1-contended-0-metrics.csv,3,pool_active,0,0,0
fixed_sql-1--1-contended-0-metrics.csv,3,pool_waiting,0,0,0
fixed_sql-1--1-mixed-0-metrics.csv,2,provider_s3_getBounded,48,301395214,0
fixed_sql-1--1-mixed-0-metrics.csv,2,provider_s3_put,32,239804043,0
fixed_sql-1--1-mixed-0-metrics.csv,2,sql_acquire,627,26008768,0
fixed_sql-1--1-mixed-0-metrics.csv,2,sql_usage,627,1527000000,0
fixed_sql-1--1-mixed-0-metrics.csv,2,sql_timeouts,0,0,0
fixed_sql-1--1-mixed-0-metrics.csv,2,pool_total,8,0,0
fixed_sql-1--1-mixed-0-metrics.csv,2,pool_active,0,0,0
fixed_sql-1--1-mixed-0-metrics.csv,2,pool_waiting,0,0,0
fixed_sql-1-0-contended-0-metrics.csv,5,provider_s3_getBounded,100,687631920,0
fixed_sql-1-0-contended-0-metrics.csv,5,provider_s3_put,74,567845084,0
fixed_sql-1-0-contended-0-metrics.csv,5,sql_acquire,1321,28845715,0
fixed_sql-1-0-contended-0-metrics.csv,5,sql_usage,1321,2737000000,0
fixed_sql-1-0-contended-0-metrics.csv,5,sql_timeouts,0,0,0
fixed_sql-1-0-contended-0-metrics.csv,5,pool_total,8,0,0
fixed_sql-1-0-contended-0-metrics.csv,5,pool_active,0,0,0
fixed_sql-1-0-contended-0-metrics.csv,5,pool_waiting,0,0,0
fixed_sql-1-0-mixed-0-metrics.csv,4,provider_s3_getBounded,98,682603095,0
fixed_sql-1-0-mixed-0-metrics.csv,4,provider_s3_put,65,501244636,0
fixed_sql-1-0-mixed-0-metrics.csv,4,sql_acquire,1236,28449270,0
fixed_sql-1-0-mixed-0-metrics.csv,4,sql_usage,1236,2582000000,0
fixed_sql-1-0-mixed-0-metrics.csv,4,sql_timeouts,0,0,0
fixed_sql-1-0-mixed-0-metrics.csv,4,pool_total,8,0,0
fixed_sql-1-0-mixed-0-metrics.csv,4,pool_active,0,0,0
fixed_sql-1-0-mixed-0-metrics.csv,4,pool_waiting,0,0,0
fixed_sql-1-1-contended-0-metrics.csv,7,provider_s3_getBounded,150,989501590,0
fixed_sql-1-1-contended-0-metrics.csv,7,provider_s3_put,107,1000788367,0
fixed_sql-1-1-contended-0-metrics.csv,7,sql_acquire,1930,31213765,0
fixed_sql-1-1-contended-0-metrics.csv,7,sql_usage,1930,3559000000,0
fixed_sql-1-1-contended-0-metrics.csv,7,sql_timeouts,0,0,0
fixed_sql-1-1-contended-0-metrics.csv,7,pool_total,8,0,0
fixed_sql-1-1-contended-0-metrics.csv,7,pool_active,0,0,0
fixed_sql-1-1-contended-0-metrics.csv,7,pool_waiting,0,0,0
fixed_sql-1-1-mixed-0-metrics.csv,6,provider_s3_getBounded,148,980741963,0
fixed_sql-1-1-mixed-0-metrics.csv,6,provider_s3_put,98,867883341,0
fixed_sql-1-1-mixed-0-metrics.csv,6,sql_acquire,1851,30853432,0
fixed_sql-1-1-mixed-0-metrics.csv,6,sql_usage,1851,3424000000,0
fixed_sql-1-1-mixed-0-metrics.csv,6,sql_timeouts,0,0,0
fixed_sql-1-1-mixed-0-metrics.csv,6,pool_total,8,0,0
fixed_sql-1-1-mixed-0-metrics.csv,6,pool_active,0,0,0
fixed_sql-1-1-mixed-0-metrics.csv,6,pool_waiting,0,0,0
fixed_sql-1-2-contended-0-metrics.csv,9,provider_s3_getBounded,200,1239670846,0
fixed_sql-1-2-contended-0-metrics.csv,9,provider_s3_put,140,1282143762,0
fixed_sql-1-2-contended-0-metrics.csv,9,sql_acquire,2545,33468468,0
fixed_sql-1-2-contended-0-metrics.csv,9,sql_usage,2545,4316000000,0
fixed_sql-1-2-contended-0-metrics.csv,9,sql_timeouts,0,0,0
fixed_sql-1-2-contended-0-metrics.csv,9,pool_total,8,0,0
fixed_sql-1-2-contended-0-metrics.csv,9,pool_active,0,0,0
fixed_sql-1-2-contended-0-metrics.csv,9,pool_waiting,0,0,0
fixed_sql-1-2-mixed-0-metrics.csv,8,provider_s3_getBounded,198,1232518837,0
fixed_sql-1-2-mixed-0-metrics.csv,8,provider_s3_put,131,1219574544,0
fixed_sql-1-2-mixed-0-metrics.csv,8,sql_acquire,2466,33199902,0
fixed_sql-1-2-mixed-0-metrics.csv,8,sql_usage,2466,4208000000,0
fixed_sql-1-2-mixed-0-metrics.csv,8,sql_timeouts,0,0,0
fixed_sql-1-2-mixed-0-metrics.csv,8,pool_total,8,0,0
fixed_sql-1-2-mixed-0-metrics.csv,8,pool_active,0,0,0
fixed_sql-1-2-mixed-0-metrics.csv,8,pool_waiting,0,0,0
fixed_sql-1-baseline-0-metrics.csv,1,provider_s3_put,8,56882379,0
fixed_sql-1-baseline-0-metrics.csv,1,sql_acquire,93,19605779,0
fixed_sql-1-baseline-0-metrics.csv,1,sql_usage,93,489000000,0
fixed_sql-1-baseline-0-metrics.csv,1,sql_timeouts,0,0,0
fixed_sql-1-baseline-0-metrics.csv,1,pool_total,8,0,0
fixed_sql-1-baseline-0-metrics.csv,1,pool_active,0,0,0
fixed_sql-1-baseline-0-metrics.csv,1,pool_waiting,0,0,0
fixed_sql-2--1-contended-0-metrics.csv,14,provider_s3_getBounded,26,289959437,0
fixed_sql-2--1-contended-0-metrics.csv,14,provider_s3_put,21,166444132,0
fixed_sql-2--1-contended-0-metrics.csv,14,sql_acquire,389,101356407,0
fixed_sql-2--1-contended-0-metrics.csv,14,sql_usage,389,1070000000,0
fixed_sql-2--1-contended-0-metrics.csv,14,sql_timeouts,0,0,0
fixed_sql-2--1-contended-0-metrics.csv,14,pool_total,4,0,0
fixed_sql-2--1-contended-0-metrics.csv,14,pool_active,0,0,0
fixed_sql-2--1-contended-0-metrics.csv,14,pool_waiting,0,0,0
fixed_sql-2--1-contended-1-metrics.csv,15,provider_s3_getBounded,26,285331969,0
fixed_sql-2--1-contended-1-metrics.csv,15,provider_s3_put,20,206581897,0
fixed_sql-2--1-contended-1-metrics.csv,15,sql_acquire,361,155599106,0
fixed_sql-2--1-contended-1-metrics.csv,15,sql_usage,361,1156000000,0
fixed_sql-2--1-contended-1-metrics.csv,15,sql_timeouts,0,0,0
fixed_sql-2--1-contended-1-metrics.csv,15,pool_total,4,0,0
fixed_sql-2--1-contended-1-metrics.csv,15,pool_active,0,0,0
fixed_sql-2--1-contended-1-metrics.csv,15,pool_waiting,0,0,0
fixed_sql-2--1-mixed-0-metrics.csv,12,provider_s3_getBounded,24,280130529,0
fixed_sql-2--1-mixed-0-metrics.csv,12,provider_s3_put,16,120748068,0
fixed_sql-2--1-mixed-0-metrics.csv,12,sql_acquire,341,100996757,0
fixed_sql-2--1-mixed-0-metrics.csv,12,sql_usage,341,944000000,0
fixed_sql-2--1-mixed-0-metrics.csv,12,sql_timeouts,0,0,0
fixed_sql-2--1-mixed-0-metrics.csv,12,pool_total,4,0,0
fixed_sql-2--1-mixed-0-metrics.csv,12,pool_active,0,0,0
fixed_sql-2--1-mixed-0-metrics.csv,12,pool_waiting,0,0,0
fixed_sql-2--1-mixed-1-metrics.csv,13,provider_s3_getBounded,24,279110099,0
fixed_sql-2--1-mixed-1-metrics.csv,13,provider_s3_put,16,172502499,0
fixed_sql-2--1-mixed-1-metrics.csv,13,sql_acquire,320,155259372,0
fixed_sql-2--1-mixed-1-metrics.csv,13,sql_usage,320,1058000000,0
fixed_sql-2--1-mixed-1-metrics.csv,13,sql_timeouts,0,0,0
fixed_sql-2--1-mixed-1-metrics.csv,13,pool_total,4,0,0
fixed_sql-2--1-mixed-1-metrics.csv,13,pool_active,0,0,0
fixed_sql-2--1-mixed-1-metrics.csv,13,pool_waiting,0,0,0
fixed_sql-2-0-contended-0-metrics.csv,18,provider_s3_getBounded,52,485917665,0
fixed_sql-2-0-contended-0-metrics.csv,18,provider_s3_put,38,275667215,0
fixed_sql-2-0-contended-0-metrics.csv,18,sql_acquire,709,224471890,0
fixed_sql-2-0-contended-0-metrics.csv,18,sql_usage,709,1613000000,0
fixed_sql-2-0-contended-0-metrics.csv,18,sql_timeouts,0,0,0
fixed_sql-2-0-contended-0-metrics.csv,18,pool_total,4,0,0
fixed_sql-2-0-contended-0-metrics.csv,18,pool_active,0,0,0
fixed_sql-2-0-contended-0-metrics.csv,18,pool_waiting,0,0,0
fixed_sql-2-0-contended-1-metrics.csv,19,provider_s3_getBounded,52,437894973,0
fixed_sql-2-0-contended-1-metrics.csv,19,provider_s3_put,36,304406732,0
fixed_sql-2-0-contended-1-metrics.csv,19,sql_acquire,674,160070618,0
fixed_sql-2-0-contended-1-metrics.csv,19,sql_usage,674,1649000000,0
fixed_sql-2-0-contended-1-metrics.csv,19,sql_timeouts,0,0,0
fixed_sql-2-0-contended-1-metrics.csv,19,pool_total,4,0,0
fixed_sql-2-0-contended-1-metrics.csv,19,pool_active,0,0,0
fixed_sql-2-0-contended-1-metrics.csv,19,pool_waiting,0,0,0
fixed_sql-2-0-mixed-0-metrics.csv,16,provider_s3_getBounded,50,479583923,0
fixed_sql-2-0-mixed-0-metrics.csv,16,provider_s3_put,33,232425241,0
fixed_sql-2-0-mixed-0-metrics.csv,16,sql_acquire,661,224243870,0
fixed_sql-2-0-mixed-0-metrics.csv,16,sql_usage,661,1517000000,0
fixed_sql-2-0-mixed-0-metrics.csv,16,sql_timeouts,0,0,0
fixed_sql-2-0-mixed-0-metrics.csv,16,pool_total,4,0,0
fixed_sql-2-0-mixed-0-metrics.csv,16,pool_active,0,0,0
fixed_sql-2-0-mixed-0-metrics.csv,16,pool_waiting,0,0,0
fixed_sql-2-0-mixed-1-metrics.csv,17,provider_s3_getBounded,50,431901975,0
fixed_sql-2-0-mixed-1-metrics.csv,17,provider_s3_put,32,274197681,0
fixed_sql-2-0-mixed-1-metrics.csv,17,sql_acquire,633,159826445,0
fixed_sql-2-0-mixed-1-metrics.csv,17,sql_usage,633,1568000000,0
fixed_sql-2-0-mixed-1-metrics.csv,17,sql_timeouts,0,0,0
fixed_sql-2-0-mixed-1-metrics.csv,17,pool_total,4,0,0
fixed_sql-2-0-mixed-1-metrics.csv,17,pool_active,0,0,0
fixed_sql-2-0-mixed-1-metrics.csv,17,pool_waiting,0,0,0
fixed_sql-2-1-contended-0-metrics.csv,22,provider_s3_getBounded,78,662563287,0
fixed_sql-2-1-contended-0-metrics.csv,22,provider_s3_put,55,380965469,0
fixed_sql-2-1-contended-0-metrics.csv,22,sql_acquire,1028,252478796,0
fixed_sql-2-1-contended-0-metrics.csv,22,sql_usage,1028,2048000000,0
fixed_sql-2-1-contended-0-metrics.csv,22,sql_timeouts,0,0,0
fixed_sql-2-1-contended-0-metrics.csv,22,pool_total,4,0,0
fixed_sql-2-1-contended-0-metrics.csv,22,pool_active,0,0,0
fixed_sql-2-1-contended-0-metrics.csv,22,pool_waiting,0,0,0
fixed_sql-2-1-contended-1-metrics.csv,23,provider_s3_getBounded,78,626751326,0
fixed_sql-2-1-contended-1-metrics.csv,23,provider_s3_put,52,519284790,0
fixed_sql-2-1-contended-1-metrics.csv,23,sql_acquire,988,206756962,0
fixed_sql-2-1-contended-1-metrics.csv,23,sql_usage,988,2045000000,0
fixed_sql-2-1-contended-1-metrics.csv,23,sql_timeouts,0,0,0
fixed_sql-2-1-contended-1-metrics.csv,23,pool_total,4,0,0
fixed_sql-2-1-contended-1-metrics.csv,23,pool_active,0,0,0
fixed_sql-2-1-contended-1-metrics.csv,23,pool_waiting,0,0,0
fixed_sql-2-1-mixed-0-metrics.csv,20,provider_s3_getBounded,76,655321749,0
fixed_sql-2-1-mixed-0-metrics.csv,20,provider_s3_put,50,349596777,0
fixed_sql-2-1-mixed-0-metrics.csv,20,sql_acquire,979,252244288,0
fixed_sql-2-1-mixed-0-metrics.csv,20,sql_usage,979,1964000000,0
fixed_sql-2-1-mixed-0-metrics.csv,20,sql_timeouts,0,0,0
fixed_sql-2-1-mixed-0-metrics.csv,20,pool_total,4,0,0
fixed_sql-2-1-mixed-0-metrics.csv,20,pool_active,0,0,0
fixed_sql-2-1-mixed-0-metrics.csv,20,pool_waiting,0,0,0
fixed_sql-2-1-mixed-1-metrics.csv,21,provider_s3_getBounded,76,617706279,0
fixed_sql-2-1-mixed-1-metrics.csv,21,provider_s3_put,48,416143394,0
fixed_sql-2-1-mixed-1-metrics.csv,21,sql_acquire,946,206422892,0
fixed_sql-2-1-mixed-1-metrics.csv,21,sql_usage,946,2021000000,0
fixed_sql-2-1-mixed-1-metrics.csv,21,sql_timeouts,0,0,0
fixed_sql-2-1-mixed-1-metrics.csv,21,pool_total,4,0,0
fixed_sql-2-1-mixed-1-metrics.csv,21,pool_active,0,0,0
fixed_sql-2-1-mixed-1-metrics.csv,21,pool_waiting,0,0,0
fixed_sql-2-2-contended-0-metrics.csv,26,provider_s3_getBounded,104,858270401,0
fixed_sql-2-2-contended-0-metrics.csv,26,provider_s3_put,72,493435709,0
fixed_sql-2-2-contended-0-metrics.csv,26,sql_acquire,1348,321128597,0
fixed_sql-2-2-contended-0-metrics.csv,26,sql_usage,1348,2471000000,0
fixed_sql-2-2-contended-0-metrics.csv,26,sql_timeouts,0,0,0
fixed_sql-2-2-contended-0-metrics.csv,26,pool_total,4,0,0
fixed_sql-2-2-contended-0-metrics.csv,26,pool_active,0,0,0
fixed_sql-2-2-contended-0-metrics.csv,26,pool_waiting,0,0,0
fixed_sql-2-2-contended-1-metrics.csv,27,provider_s3_getBounded,104,809159029,0
fixed_sql-2-2-contended-1-metrics.csv,27,provider_s3_put,68,624175683,0
fixed_sql-2-2-contended-1-metrics.csv,27,sql_acquire,1301,268761659,0
fixed_sql-2-2-contended-1-metrics.csv,27,sql_usage,1301,2390000000,0
fixed_sql-2-2-contended-1-metrics.csv,27,sql_timeouts,0,0,0
fixed_sql-2-2-contended-1-metrics.csv,27,pool_total,4,0,0
fixed_sql-2-2-contended-1-metrics.csv,27,pool_active,0,0,0
fixed_sql-2-2-contended-1-metrics.csv,27,pool_waiting,0,0,0
fixed_sql-2-2-mixed-0-metrics.csv,24,provider_s3_getBounded,102,851271571,0
fixed_sql-2-2-mixed-0-metrics.csv,24,provider_s3_put,67,462036739,0
fixed_sql-2-2-mixed-0-metrics.csv,24,sql_acquire,1298,320923052,0
fixed_sql-2-2-mixed-0-metrics.csv,24,sql_usage,1298,2413000000,0
fixed_sql-2-2-mixed-0-metrics.csv,24,sql_timeouts,0,0,0
fixed_sql-2-2-mixed-0-metrics.csv,24,pool_total,4,0,0
fixed_sql-2-2-mixed-0-metrics.csv,24,pool_active,0,0,0
fixed_sql-2-2-mixed-0-metrics.csv,24,pool_waiting,0,0,0
fixed_sql-2-2-mixed-1-metrics.csv,25,provider_s3_getBounded,102,800263416,0
fixed_sql-2-2-mixed-1-metrics.csv,25,provider_s3_put,64,595756245,0
fixed_sql-2-2-mixed-1-metrics.csv,25,sql_acquire,1260,268498627,0
fixed_sql-2-2-mixed-1-metrics.csv,25,sql_usage,1259,2345000000,0
fixed_sql-2-2-mixed-1-metrics.csv,25,sql_timeouts,0,0,0
fixed_sql-2-2-mixed-1-metrics.csv,25,pool_total,4,0,0
fixed_sql-2-2-mixed-1-metrics.csv,25,pool_active,1,0,0
fixed_sql-2-2-mixed-1-metrics.csv,25,pool_waiting,0,0,0
fixed_sql-2-baseline-0-metrics.csv,10,provider_s3_put,4,34630539,0
fixed_sql-2-baseline-0-metrics.csv,10,sql_acquire,69,22804550,0
fixed_sql-2-baseline-0-metrics.csv,10,sql_usage,69,358000000,0
fixed_sql-2-baseline-0-metrics.csv,10,sql_timeouts,0,0,0
fixed_sql-2-baseline-0-metrics.csv,10,pool_total,4,0,0
fixed_sql-2-baseline-0-metrics.csv,10,pool_active,0,0,0
fixed_sql-2-baseline-0-metrics.csv,10,pool_waiting,0,0,0
fixed_sql-2-baseline-1-metrics.csv,11,provider_s3_put,4,101879340,0
fixed_sql-2-baseline-1-metrics.csv,11,sql_acquire,48,23425081,0
fixed_sql-2-baseline-1-metrics.csv,11,sql_usage,48,359000000,0
fixed_sql-2-baseline-1-metrics.csv,11,sql_timeouts,0,0,0
fixed_sql-2-baseline-1-metrics.csv,11,pool_total,4,0,0
fixed_sql-2-baseline-1-metrics.csv,11,pool_active,0,0,0
fixed_sql-2-baseline-1-metrics.csv,11,pool_waiting,0,0,0
fixed_sql-4--1-contended-0-metrics.csv,36,provider_s3_getBounded,14,147581595,0
fixed_sql-4--1-contended-0-metrics.csv,36,provider_s3_put,11,109804462,0
fixed_sql-4--1-contended-0-metrics.csv,36,sql_acquire,277,84160373,0
fixed_sql-4--1-contended-0-metrics.csv,36,sql_usage,277,834000000,0
fixed_sql-4--1-contended-0-metrics.csv,36,sql_timeouts,0,0,0
fixed_sql-4--1-contended-0-metrics.csv,36,pool_total,2,0,0
fixed_sql-4--1-contended-0-metrics.csv,36,pool_active,0,0,0
fixed_sql-4--1-contended-0-metrics.csv,36,pool_waiting,0,0,0
fixed_sql-4--1-contended-1-metrics.csv,37,provider_s3_getBounded,14,163013819,0
fixed_sql-4--1-contended-1-metrics.csv,37,provider_s3_put,10,154372264,0
fixed_sql-4--1-contended-1-metrics.csv,37,sql_acquire,249,139739685,0
fixed_sql-4--1-contended-1-metrics.csv,37,sql_usage,249,805000000,0
fixed_sql-4--1-contended-1-metrics.csv,37,sql_timeouts,0,0,0
fixed_sql-4--1-contended-1-metrics.csv,37,pool_total,2,0,0
fixed_sql-4--1-contended-1-metrics.csv,37,pool_active,0,0,0
fixed_sql-4--1-contended-1-metrics.csv,37,pool_waiting,0,0,0
fixed_sql-4--1-contended-2-metrics.csv,38,provider_s3_getBounded,14,163520554,0
fixed_sql-4--1-contended-2-metrics.csv,38,provider_s3_put,10,162940689,0
fixed_sql-4--1-contended-2-metrics.csv,38,sql_acquire,234,92861202,0
fixed_sql-4--1-contended-2-metrics.csv,38,sql_usage,234,811000000,0
fixed_sql-4--1-contended-2-metrics.csv,38,sql_timeouts,0,0,0
fixed_sql-4--1-contended-2-metrics.csv,38,pool_total,2,0,0
fixed_sql-4--1-contended-2-metrics.csv,38,pool_active,0,0,0
fixed_sql-4--1-contended-2-metrics.csv,38,pool_waiting,0,0,0
fixed_sql-4--1-contended-3-metrics.csv,39,provider_s3_getBounded,14,167394015,0
fixed_sql-4--1-contended-3-metrics.csv,39,provider_s3_put,10,154483905,0
fixed_sql-4--1-contended-3-metrics.csv,39,sql_acquire,218,185060698,0
fixed_sql-4--1-contended-3-metrics.csv,39,sql_usage,218,829000000,0
fixed_sql-4--1-contended-3-metrics.csv,39,sql_timeouts,0,0,0
fixed_sql-4--1-contended-3-metrics.csv,39,pool_total,2,0,0
fixed_sql-4--1-contended-3-metrics.csv,39,pool_active,0,0,0
fixed_sql-4--1-contended-3-metrics.csv,39,pool_waiting,0,0,0
fixed_sql-4--1-mixed-0-metrics.csv,32,provider_s3_getBounded,12,139926014,0
fixed_sql-4--1-mixed-0-metrics.csv,32,provider_s3_put,8,85991521,0
fixed_sql-4--1-mixed-0-metrics.csv,32,sql_acquire,243,83924387,0
fixed_sql-4--1-mixed-0-metrics.csv,32,sql_usage,243,743000000,0
fixed_sql-4--1-mixed-0-metrics.csv,32,sql_timeouts,0,0,0
fixed_sql-4--1-mixed-0-metrics.csv,32,pool_total,2,0,0
fixed_sql-4--1-mixed-0-metrics.csv,32,pool_active,0,0,0
fixed_sql-4--1-mixed-0-metrics.csv,32,pool_waiting,0,0,0
fixed_sql-4--1-mixed-1-metrics.csv,33,provider_s3_getBounded,12,156971517,0
fixed_sql-4--1-mixed-1-metrics.csv,33,provider_s3_put,8,136909115,0
fixed_sql-4--1-mixed-1-metrics.csv,33,sql_acquire,224,139554357,0
fixed_sql-4--1-mixed-1-metrics.csv,33,sql_usage,224,754000000,0
fixed_sql-4--1-mixed-1-metrics.csv,33,sql_timeouts,0,0,0
fixed_sql-4--1-mixed-1-metrics.csv,33,pool_total,2,0,0
fixed_sql-4--1-mixed-1-metrics.csv,33,pool_active,0,0,0
fixed_sql-4--1-mixed-1-metrics.csv,33,pool_waiting,0,0,0
fixed_sql-4--1-mixed-2-metrics.csv,34,provider_s3_getBounded,12,153641051,0
fixed_sql-4--1-mixed-2-metrics.csv,34,provider_s3_put,8,150150263,0
fixed_sql-4--1-mixed-2-metrics.csv,34,sql_acquire,208,92661243,0
fixed_sql-4--1-mixed-2-metrics.csv,34,sql_usage,208,768000000,0
fixed_sql-4--1-mixed-2-metrics.csv,34,sql_timeouts,0,0,0
fixed_sql-4--1-mixed-2-metrics.csv,34,pool_total,2,0,0
fixed_sql-4--1-mixed-2-metrics.csv,34,pool_active,0,0,0
fixed_sql-4--1-mixed-2-metrics.csv,34,pool_waiting,0,0,0
fixed_sql-4--1-mixed-3-metrics.csv,35,provider_s3_getBounded,12,160204044,0
fixed_sql-4--1-mixed-3-metrics.csv,35,provider_s3_put,8,138960963,0
fixed_sql-4--1-mixed-3-metrics.csv,35,sql_acquire,192,184834889,0
fixed_sql-4--1-mixed-3-metrics.csv,35,sql_usage,192,784000000,0
fixed_sql-4--1-mixed-3-metrics.csv,35,sql_timeouts,0,0,0
fixed_sql-4--1-mixed-3-metrics.csv,35,pool_total,2,0,0
fixed_sql-4--1-mixed-3-metrics.csv,35,pool_active,0,0,0
fixed_sql-4--1-mixed-3-metrics.csv,35,pool_waiting,0,0,0
fixed_sql-4-0-contended-0-metrics.csv,44,provider_s3_getBounded,28,230111490,0
fixed_sql-4-0-contended-0-metrics.csv,44,provider_s3_put,20,163203998,0
fixed_sql-4-0-contended-0-metrics.csv,44,sql_acquire,449,116802869,0
fixed_sql-4-0-contended-0-metrics.csv,44,sql_usage,449,1187000000,0
fixed_sql-4-0-contended-0-metrics.csv,44,sql_timeouts,0,0,0
fixed_sql-4-0-contended-0-metrics.csv,44,pool_total,2,0,0
fixed_sql-4-0-contended-0-metrics.csv,44,pool_active,0,0,0
fixed_sql-4-0-contended-0-metrics.csv,44,pool_waiting,0,0,0
fixed_sql-4-0-contended-1-metrics.csv,45,provider_s3_getBounded,28,250527437,0
fixed_sql-4-0-contended-1-metrics.csv,45,provider_s3_put,18,228126804,0
fixed_sql-4-0-contended-1-metrics.csv,45,sql_acquire,415,197956470,0
fixed_sql-4-0-contended-1-metrics.csv,45,sql_usage,415,1180000000,0
fixed_sql-4-0-contended-1-metrics.csv,45,sql_timeouts,0,0,0
fixed_sql-4-0-contended-1-metrics.csv,45,pool_total,2,0,0
fixed_sql-4-0-contended-1-metrics.csv,45,pool_active,0,0,0
fixed_sql-4-0-contended-1-metrics.csv,45,pool_waiting,0,0,0
fixed_sql-4-0-contended-2-metrics.csv,46,provider_s3_getBounded,28,260948142,0
fixed_sql-4-0-contended-2-metrics.csv,46,provider_s3_put,18,216763186,0
fixed_sql-4-0-contended-2-metrics.csv,46,sql_acquire,400,109635410,0
fixed_sql-4-0-contended-2-metrics.csv,46,sql_usage,400,1104000000,0
fixed_sql-4-0-contended-2-metrics.csv,46,sql_timeouts,0,0,0
fixed_sql-4-0-contended-2-metrics.csv,46,pool_total,2,0,0
fixed_sql-4-0-contended-2-metrics.csv,46,pool_active,0,0,0
fixed_sql-4-0-contended-2-metrics.csv,46,pool_waiting,0,0,0
fixed_sql-4-0-contended-3-metrics.csv,47,provider_s3_getBounded,28,257806432,0
fixed_sql-4-0-contended-3-metrics.csv,47,provider_s3_put,18,210569737,0
fixed_sql-4-0-contended-3-metrics.csv,47,sql_acquire,383,262451602,0
fixed_sql-4-0-contended-3-metrics.csv,47,sql_usage,383,1166000000,0
fixed_sql-4-0-contended-3-metrics.csv,47,sql_timeouts,0,0,0
fixed_sql-4-0-contended-3-metrics.csv,47,pool_total,2,0,0
fixed_sql-4-0-contended-3-metrics.csv,47,pool_active,0,0,0
fixed_sql-4-0-contended-3-metrics.csv,47,pool_waiting,0,0,0
fixed_sql-4-0-mixed-0-metrics.csv,40,provider_s3_getBounded,26,224091281,0
fixed_sql-4-0-mixed-0-metrics.csv,40,provider_s3_put,17,144182293,0
fixed_sql-4-0-mixed-0-metrics.csv,40,sql_acquire,415,116575903,0
fixed_sql-4-0-mixed-0-metrics.csv,40,sql_usage,415,1133000000,0
fixed_sql-4-0-mixed-0-metrics.csv,40,sql_timeouts,0,0,0
fixed_sql-4-0-mixed-0-metrics.csv,40,pool_total,2,0,0
fixed_sql-4-0-mixed-0-metrics.csv,40,pool_active,0,0,0
fixed_sql-4-0-mixed-0-metrics.csv,40,pool_waiting,0,0,0
fixed_sql-4-0-mixed-1-metrics.csv,41,provider_s3_getBounded,26,242579635,0
fixed_sql-4-0-mixed-1-metrics.csv,41,provider_s3_put,16,210217382,0
fixed_sql-4-0-mixed-1-metrics.csv,41,sql_acquire,389,197837714,0
fixed_sql-4-0-mixed-1-metrics.csv,41,sql_usage,389,1142000000,0
fixed_sql-4-0-mixed-1-metrics.csv,41,sql_timeouts,0,0,0
fixed_sql-4-0-mixed-1-metrics.csv,41,pool_total,2,0,0
fixed_sql-4-0-mixed-1-metrics.csv,41,pool_active,0,0,0
fixed_sql-4-0-mixed-1-metrics.csv,41,pool_waiting,0,0,0
fixed_sql-4-0-mixed-2-metrics.csv,42,provider_s3_getBounded,26,253358065,0
fixed_sql-4-0-mixed-2-metrics.csv,42,provider_s3_put,16,201731673,0
fixed_sql-4-0-mixed-2-metrics.csv,42,sql_acquire,374,109332275,0
fixed_sql-4-0-mixed-2-metrics.csv,42,sql_usage,374,1062000000,0
fixed_sql-4-0-mixed-2-metrics.csv,42,sql_timeouts,0,0,0
fixed_sql-4-0-mixed-2-metrics.csv,42,pool_total,2,0,0
fixed_sql-4-0-mixed-2-metrics.csv,42,pool_active,0,0,0
fixed_sql-4-0-mixed-2-metrics.csv,42,pool_waiting,0,0,0
fixed_sql-4-0-mixed-3-metrics.csv,43,provider_s3_getBounded,26,250063486,0
fixed_sql-4-0-mixed-3-metrics.csv,43,provider_s3_put,16,192535099,0
fixed_sql-4-0-mixed-3-metrics.csv,43,sql_acquire,358,262230552,0
fixed_sql-4-0-mixed-3-metrics.csv,43,sql_usage,358,1123000000,0
fixed_sql-4-0-mixed-3-metrics.csv,43,sql_timeouts,0,0,0
fixed_sql-4-0-mixed-3-metrics.csv,43,pool_total,2,0,0
fixed_sql-4-0-mixed-3-metrics.csv,43,pool_active,0,0,0
fixed_sql-4-0-mixed-3-metrics.csv,43,pool_waiting,0,0,0
fixed_sql-4-1-contended-0-metrics.csv,52,provider_s3_getBounded,42,313909806,0
fixed_sql-4-1-contended-0-metrics.csv,52,provider_s3_put,29,226444904,0
fixed_sql-4-1-contended-0-metrics.csv,52,sql_acquire,621,161570834,0
fixed_sql-4-1-contended-0-metrics.csv,52,sql_usage,621,1496000000,0
fixed_sql-4-1-contended-0-metrics.csv,52,sql_timeouts,0,0,0
fixed_sql-4-1-contended-0-metrics.csv,52,pool_total,2,0,0
fixed_sql-4-1-contended-0-metrics.csv,52,pool_active,0,0,0
fixed_sql-4-1-contended-0-metrics.csv,52,pool_waiting,0,0,0
fixed_sql-4-1-contended-1-metrics.csv,53,provider_s3_getBounded,42,331555727,0
fixed_sql-4-1-contended-1-metrics.csv,53,provider_s3_put,26,285309149,0
fixed_sql-4-1-contended-1-metrics.csv,53,sql_acquire,581,228030005,0
fixed_sql-4-1-contended-1-metrics.csv,53,sql_usage,581,1418000000,0
fixed_sql-4-1-contended-1-metrics.csv,53,sql_timeouts,0,0,0
fixed_sql-4-1-contended-1-metrics.csv,53,pool_total,2,0,0
fixed_sql-4-1-contended-1-metrics.csv,53,pool_active,0,0,0
fixed_sql-4-1-contended-1-metrics.csv,53,pool_waiting,0,0,0
fixed_sql-4-1-contended-2-metrics.csv,54,provider_s3_getBounded,42,341899373,0
fixed_sql-4-1-contended-2-metrics.csv,54,provider_s3_put,26,282425492,0
fixed_sql-4-1-contended-2-metrics.csv,54,sql_acquire,565,134625035,0
fixed_sql-4-1-contended-2-metrics.csv,54,sql_usage,565,1373000000,0
fixed_sql-4-1-contended-2-metrics.csv,54,sql_timeouts,0,0,0
fixed_sql-4-1-contended-2-metrics.csv,54,pool_total,2,0,0
fixed_sql-4-1-contended-2-metrics.csv,54,pool_active,0,0,0
fixed_sql-4-1-contended-2-metrics.csv,54,pool_waiting,0,0,0
fixed_sql-4-1-contended-3-metrics.csv,55,provider_s3_getBounded,42,342874215,0
fixed_sql-4-1-contended-3-metrics.csv,55,provider_s3_put,26,279063323,0
fixed_sql-4-1-contended-3-metrics.csv,55,sql_acquire,549,264534078,0
fixed_sql-4-1-contended-3-metrics.csv,55,sql_usage,549,1408000000,0
fixed_sql-4-1-contended-3-metrics.csv,55,sql_timeouts,0,0,0
fixed_sql-4-1-contended-3-metrics.csv,55,pool_total,2,0,0
fixed_sql-4-1-contended-3-metrics.csv,55,pool_active,0,0,0
fixed_sql-4-1-contended-3-metrics.csv,55,pool_waiting,0,0,0
fixed_sql-4-1-mixed-0-metrics.csv,48,provider_s3_getBounded,40,304372488,0
fixed_sql-4-1-mixed-0-metrics.csv,48,provider_s3_put,26,209898269,0
fixed_sql-4-1-mixed-0-metrics.csv,48,sql_acquire,587,161340620,0
fixed_sql-4-1-mixed-0-metrics.csv,48,sql_usage,587,1437000000,0
fixed_sql-4-1-mixed-0-metrics.csv,48,sql_timeouts,0,0,0
fixed_sql-4-1-mixed-0-metrics.csv,48,pool_total,2,0,0
fixed_sql-4-1-mixed-0-metrics.csv,48,pool_active,0,0,0
fixed_sql-4-1-mixed-0-metrics.csv,48,pool_waiting,0,0,0
fixed_sql-4-1-mixed-1-metrics.csv,49,provider_s3_getBounded,40,324711931,0
fixed_sql-4-1-mixed-1-metrics.csv,49,provider_s3_put,24,271057060,0
fixed_sql-4-1-mixed-1-metrics.csv,49,sql_acquire,555,227898693,0
fixed_sql-4-1-mixed-1-metrics.csv,49,sql_usage,555,1383000000,0
fixed_sql-4-1-mixed-1-metrics.csv,49,sql_timeouts,0,0,0
fixed_sql-4-1-mixed-1-metrics.csv,49,pool_total,2,0,0
fixed_sql-4-1-mixed-1-metrics.csv,49,pool_active,0,0,0
fixed_sql-4-1-mixed-1-metrics.csv,49,pool_waiting,0,0,0
fixed_sql-4-1-mixed-2-metrics.csv,50,provider_s3_getBounded,40,335239215,0
fixed_sql-4-1-mixed-2-metrics.csv,50,provider_s3_put,24,270936756,0
fixed_sql-4-1-mixed-2-metrics.csv,50,sql_acquire,540,134495018,0
fixed_sql-4-1-mixed-2-metrics.csv,50,sql_usage,540,1341000000,0
fixed_sql-4-1-mixed-2-metrics.csv,50,sql_timeouts,0,0,0
fixed_sql-4-1-mixed-2-metrics.csv,50,pool_total,2,0,0
fixed_sql-4-1-mixed-2-metrics.csv,50,pool_active,0,0,0
fixed_sql-4-1-mixed-2-metrics.csv,50,pool_waiting,0,0,0
fixed_sql-4-1-mixed-3-metrics.csv,51,provider_s3_getBounded,40,336206422,0
fixed_sql-4-1-mixed-3-metrics.csv,51,provider_s3_put,24,259761659,0
fixed_sql-4-1-mixed-3-metrics.csv,51,sql_acquire,523,264382736,0
fixed_sql-4-1-mixed-3-metrics.csv,51,sql_usage,523,1372000000,0
fixed_sql-4-1-mixed-3-metrics.csv,51,sql_timeouts,0,0,0
fixed_sql-4-1-mixed-3-metrics.csv,51,pool_total,2,0,0
fixed_sql-4-1-mixed-3-metrics.csv,51,pool_active,0,0,0
fixed_sql-4-1-mixed-3-metrics.csv,51,pool_waiting,0,0,0
fixed_sql-4-2-contended-0-metrics.csv,60,provider_s3_getBounded,56,385229255,0
fixed_sql-4-2-contended-0-metrics.csv,60,provider_s3_put,38,292186669,0
fixed_sql-4-2-contended-0-metrics.csv,60,sql_acquire,793,224333645,0
fixed_sql-4-2-contended-0-metrics.csv,60,sql_usage,793,1744000000,0
fixed_sql-4-2-contended-0-metrics.csv,60,sql_timeouts,0,0,0
fixed_sql-4-2-contended-0-metrics.csv,60,pool_total,2,0,0
fixed_sql-4-2-contended-0-metrics.csv,60,pool_active,0,0,0
fixed_sql-4-2-contended-0-metrics.csv,60,pool_waiting,0,0,0
fixed_sql-4-2-contended-1-metrics.csv,61,provider_s3_getBounded,56,409259421,0
fixed_sql-4-2-contended-1-metrics.csv,61,provider_s3_put,34,340517713,0
fixed_sql-4-2-contended-1-metrics.csv,61,sql_acquire,747,278390166,0
fixed_sql-4-2-contended-1-metrics.csv,61,sql_usage,747,1665000000,0
fixed_sql-4-2-contended-1-metrics.csv,61,sql_timeouts,0,0,0
fixed_sql-4-2-contended-1-metrics.csv,61,pool_total,2,0,0
fixed_sql-4-2-contended-1-metrics.csv,61,pool_active,0,0,0
fixed_sql-4-2-contended-1-metrics.csv,61,pool_waiting,0,0,0
fixed_sql-4-2-contended-2-metrics.csv,62,provider_s3_getBounded,56,408695800,0
fixed_sql-4-2-contended-2-metrics.csv,62,provider_s3_put,34,339082994,0
fixed_sql-4-2-contended-2-metrics.csv,62,sql_acquire,731,143659749,0
fixed_sql-4-2-contended-2-metrics.csv,62,sql_usage,731,1623000000,0
fixed_sql-4-2-contended-2-metrics.csv,62,sql_timeouts,0,0,0
fixed_sql-4-2-contended-2-metrics.csv,62,pool_total,2,0,0
fixed_sql-4-2-contended-2-metrics.csv,62,pool_active,0,0,0
fixed_sql-4-2-contended-2-metrics.csv,62,pool_waiting,0,0,0
fixed_sql-4-2-contended-3-metrics.csv,63,provider_s3_getBounded,56,412404502,0
fixed_sql-4-2-contended-3-metrics.csv,63,provider_s3_put,34,344585330,0
fixed_sql-4-2-contended-3-metrics.csv,63,sql_acquire,714,272288400,0
fixed_sql-4-2-contended-3-metrics.csv,63,sql_usage,714,1668000000,0
fixed_sql-4-2-contended-3-metrics.csv,63,sql_timeouts,0,0,0
fixed_sql-4-2-contended-3-metrics.csv,63,pool_total,2,0,0
fixed_sql-4-2-contended-3-metrics.csv,63,pool_active,0,0,0
fixed_sql-4-2-contended-3-metrics.csv,63,pool_waiting,0,0,0
fixed_sql-4-2-mixed-0-metrics.csv,56,provider_s3_getBounded,54,377183988,0
fixed_sql-4-2-mixed-0-metrics.csv,56,provider_s3_put,35,272179071,0
fixed_sql-4-2-mixed-0-metrics.csv,56,sql_acquire,759,224172687,0
fixed_sql-4-2-mixed-0-metrics.csv,56,sql_usage,759,1692000000,0
fixed_sql-4-2-mixed-0-metrics.csv,56,sql_timeouts,0,0,0
fixed_sql-4-2-mixed-0-metrics.csv,56,pool_total,2,0,0
fixed_sql-4-2-mixed-0-metrics.csv,56,pool_active,0,0,0
fixed_sql-4-2-mixed-0-metrics.csv,56,pool_waiting,0,0,0
fixed_sql-4-2-mixed-1-metrics.csv,57,provider_s3_getBounded,54,404147578,0
fixed_sql-4-2-mixed-1-metrics.csv,57,provider_s3_put,32,327252399,0
fixed_sql-4-2-mixed-1-metrics.csv,57,sql_acquire,721,278250291,0
fixed_sql-4-2-mixed-1-metrics.csv,57,sql_usage,721,1632000000,0
fixed_sql-4-2-mixed-1-metrics.csv,57,sql_timeouts,0,0,0
fixed_sql-4-2-mixed-1-metrics.csv,57,pool_total,2,0,0
fixed_sql-4-2-mixed-1-metrics.csv,57,pool_active,0,0,0
fixed_sql-4-2-mixed-1-metrics.csv,57,pool_waiting,0,0,0
fixed_sql-4-2-mixed-2-metrics.csv,58,provider_s3_getBounded,54,403019391,0
fixed_sql-4-2-mixed-2-metrics.csv,58,provider_s3_put,32,322750292,0
fixed_sql-4-2-mixed-2-metrics.csv,58,sql_acquire,705,143527471,0
fixed_sql-4-2-mixed-2-metrics.csv,58,sql_usage,705,1583000000,0
fixed_sql-4-2-mixed-2-metrics.csv,58,sql_timeouts,0,0,0
fixed_sql-4-2-mixed-2-metrics.csv,58,pool_total,2,0,0
fixed_sql-4-2-mixed-2-metrics.csv,58,pool_active,0,0,0
fixed_sql-4-2-mixed-2-metrics.csv,58,pool_waiting,0,0,0
fixed_sql-4-2-mixed-3-metrics.csv,59,provider_s3_getBounded,54,405521812,0
fixed_sql-4-2-mixed-3-metrics.csv,59,provider_s3_put,32,327169300,0
fixed_sql-4-2-mixed-3-metrics.csv,59,sql_acquire,689,272134867,0
fixed_sql-4-2-mixed-3-metrics.csv,59,sql_usage,689,1627000000,0
fixed_sql-4-2-mixed-3-metrics.csv,59,sql_timeouts,0,0,0
fixed_sql-4-2-mixed-3-metrics.csv,59,pool_total,2,0,0
fixed_sql-4-2-mixed-3-metrics.csv,59,pool_active,0,0,0
fixed_sql-4-2-mixed-3-metrics.csv,59,pool_waiting,0,0,0
fixed_sql-4-baseline-0-metrics.csv,28,provider_s3_put,2,37545278,0
fixed_sql-4-baseline-0-metrics.csv,28,sql_acquire,103,53573076,0
fixed_sql-4-baseline-0-metrics.csv,28,sql_usage,103,338000000,0
fixed_sql-4-baseline-0-metrics.csv,28,sql_timeouts,0,0,0
fixed_sql-4-baseline-0-metrics.csv,28,pool_total,2,0,0
fixed_sql-4-baseline-0-metrics.csv,28,pool_active,0,0,0
fixed_sql-4-baseline-0-metrics.csv,28,pool_waiting,0,0,0
fixed_sql-4-baseline-1-metrics.csv,29,provider_s3_put,2,101269308,0
fixed_sql-4-baseline-1-metrics.csv,29,sql_acquire,84,62287720,0
fixed_sql-4-baseline-1-metrics.csv,29,sql_usage,84,310000000,0
fixed_sql-4-baseline-1-metrics.csv,29,sql_timeouts,0,0,0
fixed_sql-4-baseline-1-metrics.csv,29,pool_total,2,0,0
fixed_sql-4-baseline-1-metrics.csv,29,pool_active,0,0,0
fixed_sql-4-baseline-1-metrics.csv,29,pool_waiting,0,0,0
fixed_sql-4-baseline-2-metrics.csv,30,provider_s3_put,2,95175280,0
fixed_sql-4-baseline-2-metrics.csv,30,sql_acquire,68,45201113,0
fixed_sql-4-baseline-2-metrics.csv,30,sql_usage,68,319000000,0
fixed_sql-4-baseline-2-metrics.csv,30,sql_timeouts,0,0,0
fixed_sql-4-baseline-2-metrics.csv,30,pool_total,2,0,0
fixed_sql-4-baseline-2-metrics.csv,30,pool_active,0,0,0
fixed_sql-4-baseline-2-metrics.csv,30,pool_waiting,0,0,0
fixed_sql-4-baseline-3-metrics.csv,31,provider_s3_put,2,84829965,0
fixed_sql-4-baseline-3-metrics.csv,31,sql_acquire,52,56123049,0
fixed_sql-4-baseline-3-metrics.csv,31,sql_usage,52,318000000,0
fixed_sql-4-baseline-3-metrics.csv,31,sql_timeouts,0,0,0
fixed_sql-4-baseline-3-metrics.csv,31,pool_total,2,0,0
fixed_sql-4-baseline-3-metrics.csv,31,pool_active,0,0,0
fixed_sql-4-baseline-3-metrics.csv,31,pool_waiting,0,0,0
