run,pool_per_child,sample,phase,operations,elapsed_nanos
fixed_sql-1,8,-1,mixed,96,768796760
fixed_sql-1,8,-1,contended,8,116912717
fixed_sql-1,8,0,mixed,96,604228495
fixed_sql-1,8,0,contended,8,92696805
fixed_sql-1,8,1,mixed,96,585431094
fixed_sql-1,8,1,contended,8,100446172
fixed_sql-1,8,2,mixed,96,558618553
fixed_sql-1,8,2,contended,8,77927608
fixed_sql-2,4,-1,mixed,96,836829564
fixed_sql-2,4,-1,contended,8,102256184
fixed_sql-2,4,0,mixed,96,623582287
fixed_sql-2,4,0,contended,8,91120074
fixed_sql-2,4,1,mixed,96,611186337
fixed_sql-2,4,1,contended,8,93246423
fixed_sql-2,4,2,mixed,96,613307105
fixed_sql-2,4,2,contended,8,85681575
fixed_sql-4,2,-1,mixed,96,912907617
fixed_sql-4,2,-1,contended,8,113922816
fixed_sql-4,2,0,mixed,96,689205888
fixed_sql-4,2,0,contended,8,89149279
fixed_sql-4,2,1,mixed,96,641799932
fixed_sql-4,2,1,contended,8,86237836
fixed_sql-4,2,2,mixed,96,594334063
fixed_sql-4,2,2,contended,8,93562000
added_sql-1,4,-1,mixed,96,717815596
added_sql-1,4,-1,contended,8,96733385
added_sql-1,4,0,mixed,96,540844978
added_sql-1,4,0,contended,8,86217838
added_sql-1,4,1,mixed,96,545168630
added_sql-1,4,1,contended,8,110892557
added_sql-1,4,2,mixed,96,571357813
added_sql-1,4,2,contended,8,96740076
added_sql-2,4,-1,mixed,96,765536708
added_sql-2,4,-1,contended,8,89923242
added_sql-2,4,0,mixed,96,569370357
added_sql-2,4,0,contended,8,104990783
added_sql-2,4,1,mixed,96,601868384
added_sql-2,4,1,contended,8,86908463
added_sql-2,4,2,mixed,96,569057785
added_sql-2,4,2,contended,8,81950752
added_sql-4,4,-1,mixed,96,871928177
added_sql-4,4,-1,contended,8,134605039
added_sql-4,4,0,mixed,96,684281170
added_sql-4,4,0,contended,8,127280865
added_sql-4,4,1,mixed,96,667397006
added_sql-4,4,1,contended,8,117271545
added_sql-4,4,2,mixed,96,668014012
added_sql-4,4,2,contended,8,107701416
