run,window,replicas,worker,pid,measured_operations,provider_puts,provider_gets,sql_acquisitions
candidate-1,t00,1,0,2044157,512,256,576,7360
candidate-1,t01,4,0,2045682,128,64,144,1839
candidate-1,t01,4,1,2045683,128,64,144,1838
candidate-1,t01,4,2,2045684,128,64,144,1840
candidate-1,t01,4,3,2045687,128,64,144,1837
candidate-1,t02,2,0,2047402,256,128,288,3684
candidate-1,t02,2,1,2047403,256,128,288,3679
candidate-1,t03,1,0,2048895,512,256,576,7361
candidate-1,t04,4,0,2050267,128,64,144,1838
candidate-1,t04,4,1,2050268,128,64,144,1839
candidate-1,t04,4,2,2050269,128,64,144,1839
candidate-1,t04,4,3,2050272,128,64,144,1839
candidate-1,t05,2,0,2051895,256,128,288,3679
candidate-1,t05,2,1,2051896,256,128,288,3681
candidate-1,t06,2,0,2053227,256,128,288,3678
candidate-1,t06,2,1,2053230,256,128,288,3687
candidate-1,t07,4,0,2054507,128,64,144,1838
candidate-1,t07,4,1,2054508,128,64,144,1841
candidate-1,t07,4,2,2054509,128,64,144,1838
candidate-1,t07,4,3,2054512,128,64,144,1838
candidate-1,t08,1,0,2056153,512,256,576,7365
candidate-1,t09,2,0,2057441,256,128,288,3678
candidate-1,t09,2,1,2057442,256,128,288,3679
candidate-1,t10,4,0,2058933,128,64,144,1840
candidate-1,t10,4,1,2058936,128,64,144,1839
candidate-1,t10,4,2,2058938,128,64,144,1839
candidate-1,t10,4,3,2058940,128,64,144,1838
candidate-1,t11,1,0,2060658,512,256,576,7361
candidate-2,t00,1,0,2072763,512,256,576,7355
candidate-2,t01,4,0,2074272,128,64,144,1840
candidate-2,t01,4,1,2074273,128,64,144,1838
candidate-2,t01,4,2,2074275,128,64,144,1843
candidate-2,t01,4,3,2074276,128,64,144,1840
candidate-2,t02,2,0,2075950,256,128,288,3679
candidate-2,t02,2,1,2075951,256,128,288,3680
candidate-2,t03,1,0,2077349,512,256,576,7357
candidate-2,t04,4,0,2078762,128,64,144,1840
candidate-2,t04,4,1,2078763,128,64,144,1837
candidate-2,t04,4,2,2078764,128,64,144,1840
candidate-2,t04,4,3,2078767,128,64,144,1837
candidate-2,t05,2,0,2080667,256,128,288,3676
candidate-2,t05,2,1,2080668,256,128,288,3679
candidate-2,t06,2,0,2081864,256,128,288,3683
candidate-2,t06,2,1,2081865,256,128,288,3679
candidate-2,t07,4,0,2083105,128,64,144,1838
candidate-2,t07,4,1,2083106,128,64,144,1840
candidate-2,t07,4,2,2083108,128,64,144,1838
candidate-2,t07,4,3,2083110,128,64,144,1839
candidate-2,t08,1,0,2085041,512,256,576,7361
candidate-2,t09,2,0,2086319,256,128,288,3678
candidate-2,t09,2,1,2086320,256,128,288,3678
candidate-2,t10,4,0,2087549,128,64,144,1840
candidate-2,t10,4,1,2087550,128,64,144,1839
candidate-2,t10,4,2,2087552,128,64,144,1840
candidate-2,t10,4,3,2087554,128,64,144,1844
candidate-2,t11,1,0,2089652,512,256,576,7360
candidate-3,t00,1,0,2101757,512,256,576,7359
candidate-3,t01,4,0,2103070,128,64,144,1840
candidate-3,t01,4,1,2103071,128,64,144,1840
candidate-3,t01,4,2,2103073,128,64,144,1836
candidate-3,t01,4,3,2103074,128,64,144,1839
candidate-3,t02,2,0,2104743,256,128,288,3679
candidate-3,t02,2,1,2104744,256,128,288,3679
candidate-3,t03,1,0,2106420,512,256,576,7360
candidate-3,t04,4,0,2107836,128,64,144,1840
candidate-3,t04,4,1,2107837,128,64,144,1838
candidate-3,t04,4,2,2107838,128,64,144,1839
candidate-3,t04,4,3,2107841,128,64,144,1839
candidate-3,t05,2,0,2109738,256,128,288,3679
candidate-3,t05,2,1,2109739,256,128,288,3678
candidate-3,t06,2,0,2111093,256,128,288,3679
candidate-3,t06,2,1,2111094,256,128,288,3678
candidate-3,t07,4,0,2112212,128,64,144,1838
candidate-3,t07,4,1,2112213,128,64,144,1839
candidate-3,t07,4,2,2112214,128,64,144,1839
candidate-3,t07,4,3,2112217,128,64,144,1839
candidate-3,t08,1,0,2114079,512,256,576,7365
candidate-3,t09,2,0,2115392,256,128,288,3679
candidate-3,t09,2,1,2115393,256,128,288,3679
candidate-3,t10,4,0,2116774,128,64,144,1842
candidate-3,t10,4,1,2116775,128,64,144,1839
candidate-3,t10,4,2,2116776,128,64,144,1840
candidate-3,t10,4,3,2116779,128,64,144,1839
candidate-3,t11,1,0,2118520,512,256,576,7357
