parts,bytes_per_part,path,sample,elapsed_nanos,puts,gets,cumulative_put_nanos,cumulative_get_nanos
1,4099,legacy,0,4316228,1,0,4154963,0
1,4099,managed,0,39110841,1,1,5487934,10845273
1,4099,managed,1,28693718,1,1,5976640,4225215
1,4099,legacy,1,4798951,1,0,4642205,0
1,4099,legacy,2,3882608,1,0,3761007,0
1,4099,managed,2,28347513,1,1,5116121,5057801
1,4099,managed,3,31861713,1,1,5269061,3975754
1,4099,legacy,3,4710645,1,0,4366303,0
1,4099,legacy,4,3876035,1,0,3727053,0
1,4099,managed,4,23203488,1,1,4440604,3905311
1,4099,managed,5,21442166,1,1,3948602,3856317
1,4099,legacy,5,4046928,1,0,3884581,0
1,4099,legacy,6,3386368,1,0,3274577,0
1,4099,managed,6,20009325,1,1,2568711,1641366
1,4099,managed,7,10753079,1,1,1700818,1765781
1,4099,legacy,7,1955531,1,0,1840763,0
1,4099,legacy,8,1711639,1,0,1675791,0
1,4099,managed,8,8550240,1,1,1441057,1503866
1,4099,managed,9,7804008,1,1,1358831,1306723
1,4099,legacy,9,1464792,1,0,1422231,0
1,4099,legacy,10,1759270,1,0,1717470,0
1,4099,managed,10,8534590,1,1,1612512,1311241
1,4099,managed,11,12378524,1,1,1531398,2983796
1,4099,legacy,11,1494889,1,0,1450826,0
1,262148,legacy,0,3239450,1,0,3196008,0
1,262148,managed,0,61642257,1,1,5420998,44309849
1,262148,managed,1,58340399,1,1,4655480,44037013
1,262148,legacy,1,3845217,1,0,3742602,0
1,262148,legacy,2,4744378,1,0,4679586,0
1,262148,managed,2,25008374,1,1,5951292,5192186
1,262148,managed,3,62204001,1,1,5545384,45307187
1,262148,legacy,3,5332982,1,0,5200622,0
1,262148,legacy,4,6184432,1,0,5913921,0
1,262148,managed,4,22683354,1,1,5391533,3668752
1,262148,managed,5,59515102,1,1,4734790,42961157
1,262148,legacy,5,4509394,1,0,4280820,0
1,262148,legacy,6,3333869,1,0,3246383,0
1,262148,managed,6,23850183,1,1,5063612,5520347
1,262148,managed,7,63468072,1,1,5353831,44602473
1,262148,legacy,7,7213831,1,0,7059459,0
1,262148,legacy,8,6963186,1,0,6792865,0
1,262148,managed,8,34604042,1,1,6686183,5833289
1,262148,managed,9,35644732,1,1,5929982,10357439
1,262148,legacy,9,11589882,1,0,11383632,0
1,262148,legacy,10,5268049,1,0,5110400,0
1,262148,managed,10,67674963,1,1,5014570,43940310
1,262148,managed,11,59709480,1,1,4283246,44568498
1,262148,legacy,11,5324205,1,0,5197876,0
8,4099,legacy,0,11615871,8,0,72109274,0
8,4099,managed,0,92404790,8,8,21905955,25237707
8,4099,managed,1,96616861,8,8,23733983,25323390
8,4099,legacy,1,12457684,8,0,75918115,0
8,4099,legacy,2,10203278,8,0,61758968,0
8,4099,managed,2,75592616,8,8,18998962,17271614
8,4099,managed,3,60443088,8,8,13619492,14801060
8,4099,legacy,3,10261178,8,0,65456656,0
8,4099,legacy,4,11946988,8,0,75808597,0
8,4099,managed,4,78741315,8,8,22385121,22362798
8,4099,managed,5,73098426,8,8,21032721,19594079
8,4099,legacy,5,11232676,8,0,70957005,0
8,4099,legacy,6,14620817,8,0,95441837,0
8,4099,managed,6,83273521,8,8,21225594,19682025
8,4099,managed,7,72189757,8,8,20093833,17941642
8,4099,legacy,7,11464395,8,0,74907882,0
8,4099,legacy,8,9158280,8,0,58107711,0
8,4099,managed,8,134953356,8,8,36627502,37275056
8,4099,managed,9,105794528,8,8,31510358,30217009
8,4099,legacy,9,12017050,8,0,81288111,0
8,4099,legacy,10,10584850,8,0,65949039,0
8,4099,managed,10,101432052,8,8,28064268,25247497
8,4099,managed,11,67085287,8,8,16120323,15398409
8,4099,legacy,11,11920718,8,0,75813754,0
8,262148,legacy,0,16305135,8,0,112775538,0
8,262148,managed,0,244480898,8,8,38621345,148828973
8,262148,managed,1,301100952,8,8,40905769,200072262
8,262148,legacy,1,16992665,8,0,122158816,0
8,262148,legacy,2,19810838,8,0,150241127,0
8,262148,managed,2,227396890,8,8,34287652,149300064
8,262148,managed,3,312517877,8,8,34474526,228247780
8,262148,legacy,3,19858379,8,0,140749405,0
8,262148,legacy,4,14985097,8,0,110305637,0
8,262148,managed,4,356738126,8,8,35409065,272363461
8,262148,managed,5,328676264,8,8,39026600,233495752
8,262148,legacy,5,19853720,8,0,135736097,0
8,262148,legacy,6,16262284,8,0,112510867,0
8,262148,managed,6,332241480,8,8,44794517,234656627
8,262148,managed,7,263382316,8,8,32412794,184046768
8,262148,legacy,7,18784086,8,0,132973658,0
8,262148,legacy,8,17292834,8,0,118347913,0
8,262148,managed,8,287056806,8,8,39279911,195395032
8,262148,managed,9,319868236,8,8,35569548,233982303
8,262148,legacy,9,19362360,8,0,134809013,0
8,262148,legacy,10,14987592,8,0,113109119,0
8,262148,managed,10,399073168,8,8,35403504,315168131
8,262148,managed,11,302781322,8,8,32342073,228572694
8,262148,legacy,11,15310352,8,0,105021476,0
32,4099,legacy,0,33524870,32,0,897903958,0
32,4099,managed,0,223266343,32,32,58163391,63910581
32,4099,managed,1,244507949,32,32,72531814,72752603
32,4099,legacy,1,40855151,32,0,996065086,0
32,4099,legacy,2,35602131,32,0,915736911,0
32,4099,managed,2,287136426,32,32,89127939,82683808
32,4099,managed,3,168010100,32,32,53226494,50930296
32,4099,legacy,3,23833070,32,0,591453349,0
32,4099,legacy,4,33357483,32,0,870710820,0
32,4099,managed,4,209341823,32,32,66476568,63071522
32,4099,managed,5,209628115,32,32,65808340,61755333
32,4099,legacy,5,31515858,32,0,784886470,0
32,4099,legacy,6,35391933,32,0,955559179,0
32,4099,managed,6,253229553,32,32,79202242,78457737
32,4099,managed,7,196088524,32,32,56390438,58292347
32,4099,legacy,7,30727777,32,0,827866807,0
32,4099,legacy,8,31272227,32,0,873780000,0
32,4099,managed,8,183306766,32,32,59136547,56280628
32,4099,managed,9,236233021,32,32,77502345,73393513
32,4099,legacy,9,33553645,32,0,840480704,0
32,4099,legacy,10,31345737,32,0,842782552,0
32,4099,managed,10,190426880,32,32,62675903,59369161
32,4099,managed,11,210017703,32,32,63146025,65781570
32,4099,legacy,11,36405431,32,0,919202376,0
32,262148,legacy,0,46908747,32,0,1202229727,0
32,262148,managed,0,809182108,32,32,103449672,602422409
32,262148,managed,1,927548797,32,32,104117383,724618909
32,262148,legacy,1,45911299,32,0,1144839612,0
32,262148,legacy,2,49038567,32,0,1234666044,0
32,262148,managed,2,751171664,32,32,95890967,558503312
32,262148,managed,3,963619065,32,32,127415472,713653832
32,262148,legacy,3,53619666,32,0,1382950330,0
32,262148,legacy,4,47133923,32,0,1212873605,0
32,262148,managed,4,1101334567,32,32,106535815,889438501
32,262148,managed,5,888251995,32,32,104394924,682897325
32,262148,legacy,5,50687778,32,0,1247051462,0
32,262148,legacy,6,51120747,32,0,1252252692,0
32,262148,managed,6,1175141194,32,32,128239233,908114898
32,262148,managed,7,1274267883,32,32,130212185,998268004
32,262148,legacy,7,56666201,32,0,1363518893,0
32,262148,legacy,8,61131571,32,0,1492367833,0
32,262148,managed,8,1024028539,32,32,129069191,749472835
32,262148,managed,9,1026485869,32,32,137624608,753124042
32,262148,legacy,9,51647363,32,0,1355328509,0
32,262148,legacy,10,59167094,32,0,1486067614,0
32,262148,managed,10,874349687,32,32,126606199,620572991
32,262148,managed,11,1023413425,32,32,145416924,678371468
32,262148,legacy,11,50094535,32,0,1255981418,0
