chunks,chunk_payload_bytes,path,sample,elapsed_nanos,puts,gets,put_bytes,get_bytes,observed_reserved_bytes
32,4096,partial,0,185344226,33,65,132947,261742,523484
32,4096,full,0,152598187,33,33,132947,132947,265894
32,4096,full,1,147632245,33,33,132947,132947,265894
32,4096,partial,1,239405862,33,65,132947,261742,523484
32,4096,partial,2,184085162,33,65,132947,261742,523484
32,4096,full,2,128000546,33,33,132947,132947,265894
32,4096,full,3,109058543,33,33,132947,132947,265894
32,4096,partial,3,140669652,33,65,132947,261742,523484
32,4096,partial,4,156858163,33,65,132947,261742,523484
32,4096,full,4,131384623,33,33,132947,132947,265894
32,4096,full,5,130074292,33,33,132947,132947,265894
32,4096,partial,5,142813531,33,65,132947,261742,523484
32,4096,partial,6,147993038,33,65,132947,261742,523484
32,4096,full,6,97238774,33,33,132947,132947,265894
32,4096,full,7,116683048,33,33,132947,132947,265894
32,4096,partial,7,201865346,33,65,132947,261742,523484
32,4096,partial,8,179861546,33,65,132947,261742,523484
32,4096,full,8,106430868,33,33,132947,132947,265894
32,4096,full,9,103250407,33,33,132947,132947,265894
32,4096,partial,9,163637959,33,65,132947,261742,523484
32,4096,partial,10,162657292,33,65,132947,261742,523484
32,4096,full,10,135269218,33,33,132947,132947,265894
32,4096,full,11,145700688,33,33,132947,132947,265894
32,4096,partial,11,150383474,33,65,132947,261742,523484
32,262144,partial,0,589223229,33,65,8390579,16518955,33037910
32,262144,full,0,337090450,33,33,8390579,8390579,16781158
32,262144,full,1,313786719,33,33,8390579,8390579,16781158
32,262144,partial,1,503522731,33,65,8390579,16518955,33037910
32,262144,partial,2,604131655,33,65,8390579,16518955,33037910
32,262144,full,2,342939134,33,33,8390579,8390579,16781158
32,262144,full,3,379629761,33,33,8390579,8390579,16781158
32,262144,partial,3,552092548,33,65,8390579,16518955,33037910
32,262144,partial,4,517713167,33,65,8390579,16518955,33037910
32,262144,full,4,296225981,33,33,8390579,8390579,16781158
32,262144,full,5,329742218,33,33,8390579,8390579,16781158
32,262144,partial,5,477154516,33,65,8390579,16518955,33037910
32,262144,partial,6,401957394,33,65,8390579,16518955,33037910
32,262144,full,6,369208570,33,33,8390579,8390579,16781158
32,262144,full,7,293270866,33,33,8390579,8390579,16781158
32,262144,partial,7,609747277,33,65,8390579,16518955,33037910
32,262144,partial,8,475568062,33,65,8390579,16518955,33037910
32,262144,full,8,311529585,33,33,8390579,8390579,16781158
32,262144,full,9,325979715,33,33,8390579,8390579,16781158
32,262144,partial,9,488918519,33,65,8390579,16518955,33037910
32,262144,partial,10,540009922,33,65,8390579,16518955,33037910
32,262144,full,10,292781409,33,33,8390579,8390579,16781158
32,262144,full,11,351500403,33,33,8390579,8390579,16781158
32,262144,partial,11,570626189,33,65,8390579,16518955,33037910
