journaled,replicas,pool_per_replica,clients_total,heap_mib,runs,windows,operations,ops_per_s_min,ops_per_s_mean,ops_per_s_max,read_p50_ms,read_p95_ms,read_p99_ms,publish_p50_ms,publish_p95_ms,publish_p99_ms,reject_p50_ms,reject_p95_ms,reject_p99_ms,pool_busy_fraction_mean,sql_acquire_mean_ms,db_commits_per_iteration_mean,wal_fsync_s_per_window_mean,provider_put_mean_ms,postgres_cores_mean,rustfs_cores_mean,worker_cores_mean,host_busy_cores_mean
true,1,8,16,2048,1,12,6144,74.39,76.72,78.33,63.58,89.99,100.90,283.27,337.98,371.34,479.37,547.74,574.68,0.872,3.808,13.88,5.635,73.75,2.21,0.21,2.48,9.93
true,1,8,4,2048,1,4,512,25.65,29.27,31.91,34.61,56.77,75.79,194.83,260.58,293.04,307.44,444.19,489.53,0.282,0.003,14.01,2.520,59.66,0.79,0.09,1.67,8.93
true,1,8,8,2048,1,4,1024,53.39,55.31,57.50,36.43,58.86,71.55,211.16,241.32,250.89,328.77,366.20,374.87,0.589,0.031,14.53,3.544,66.88,1.61,0.17,2.19,9.52
true,2,4,16,1024,1,6,3072,64.82,66.81,70.10,80.11,114.10,128.14,322.59,390.67,419.80,540.66,618.44,653.06,0.861,4.765,14.82,6.885,73.87,2.27,0.16,3.42,12.01
true,2,4,32,1024,1,2,2048,77.29,80.72,84.14,145.90,216.42,244.14,515.25,615.68,672.57,880.19,1029.21,1071.33,0.917,16.630,14.69,11.520,76.87,2.61,0.19,3.11,11.58
true,2,4,4,1024,1,2,256,27.10,27.38,27.66,37.66,55.75,58.08,209.78,244.91,255.45,348.39,380.99,385.91,0.280,0.004,14.57,2.798,63.76,0.77,0.09,2.20,7.43
true,2,4,8,1024,1,2,512,48.49,48.74,48.98,46.23,66.28,78.52,232.09,268.33,292.47,365.61,411.56,425.98,0.589,0.113,14.40,4.068,68.39,1.55,0.12,3.04,10.29
true,2,8,16,1024,1,6,3072,86.91,88.99,91.38,49.40,67.85,75.75,256.77,294.47,312.97,414.23,459.02,470.73,0.618,0.060,13.99,4.840,73.83,3.22,0.22,4.54,13.76
true,2,8,32,1024,1,2,2048,118.07,120.43,122.78,85.31,119.58,135.24,351.77,406.80,437.18,618.20,704.09,734.51,0.887,5.278,14.80,8.118,78.44,4.49,0.28,5.08,15.91
true,2,8,4,1024,1,2,256,27.70,28.00,28.29,38.41,57.22,59.03,202.40,243.45,269.88,322.36,375.05,390.96,0.141,0.004,13.46,2.716,59.66,0.73,0.08,2.23,5.84
true,2,8,8,1024,1,2,512,49.19,50.00,50.81,43.75,59.18,65.22,230.50,260.78,270.97,360.63,421.17,427.42,0.298,0.003,14.67,3.990,66.17,1.56,0.14,3.19,10.28
true,4,2,16,512,1,6,3072,60.75,62.41,64.67,85.18,120.16,134.92,339.12,401.18,440.18,590.44,687.20,746.77,0.852,5.212,14.83,7.455,72.57,2.05,0.18,4.80,12.47
true,4,2,32,512,1,2,2048,78.46,78.87,79.27,150.10,198.56,211.24,536.06,605.65,630.22,910.62,1055.45,1094.11,0.916,16.818,14.41,11.686,77.38,2.45,0.20,4.67,12.87
true,4,2,4,512,1,2,256,23.36,24.07,24.78,45.87,68.57,83.34,228.29,267.80,286.00,393.74,457.06,478.34,0.291,0.007,14.32,3.006,61.98,0.75,0.09,3.30,9.23
true,4,2,8,512,1,2,512,43.64,44.26,44.88,48.13,68.68,80.53,251.61,289.32,308.14,414.45,473.73,490.35,0.591,0.255,14.55,4.440,68.45,1.52,0.14,4.50,11.63
true,4,8,16,512,1,6,3072,74.06,77.65,80.51,59.00,79.23,94.51,283.06,354.14,392.63,468.89,535.99,586.95,0.316,0.005,15.07,6.004,73.96,3.19,0.22,6.27,15.58
true,4,8,32,512,1,2,2048,118.88,121.89,124.91,76.69,102.90,123.38,356.41,453.24,483.11,593.37,745.36,780.18,0.693,0.107,14.58,7.588,82.08,6.11,0.34,8.38,21.41
true,4,8,4,512,1,2,256,22.89,23.17,23.45,46.68,67.47,73.88,240.67,279.36,322.40,393.41,526.90,540.65,0.074,0.007,14.88,3.335,64.69,0.77,0.09,3.28,11.36
true,4,8,8,512,1,2,512,45.06,45.55,46.04,47.93,69.31,79.18,247.11,298.71,322.15,396.12,477.78,502.95,0.149,0.006,14.42,4.397,69.03,1.55,0.14,4.63,11.88
