journaled,trace,replicas,pool_per_replica,clients_total,heap_mib,sample_millis,payload_bytes,iterations_per_client,total_read_slots,total_read_handles,total_budget_bytes,kind,first8_mean_ms,last8_mean_ms,first8_over_last8
true,false,1,8,16,2048,25,65536,32,16,64,384000000,read,61.54,68.17,0.903
true,false,1,8,16,2048,25,65536,32,16,64,384000000,publish,281.94,293.33,0.961
true,false,1,8,16,2048,25,65536,32,16,64,384000000,reject,489.53,440.20,1.112
true,false,1,8,16,2048,250,65536,32,16,64,384000000,read,60.60,65.69,0.922
true,false,1,8,16,2048,250,65536,32,16,64,384000000,publish,277.95,285.97,0.972
true,false,1,8,16,2048,250,65536,32,16,64,384000000,reject,479.44,399.42,1.200
true,false,1,8,4,2048,25,65536,32,16,64,384000000,read,36.77,31.02,1.185
true,false,1,8,4,2048,25,65536,32,16,64,384000000,publish,178.24,177.89,1.002
true,false,1,8,4,2048,25,65536,32,16,64,384000000,reject,300.66,281.14,1.069
true,false,1,8,8,2048,25,65536,32,16,64,384000000,read,36.82,40.71,0.905
true,false,1,8,8,2048,25,65536,32,16,64,384000000,publish,202.27,203.06,0.996
true,false,1,8,8,2048,25,65536,32,16,64,384000000,reject,313.11,329.70,0.950
true,false,2,4,16,1024,25,65536,32,16,64,384000000,read,67.91,78.46,0.865
true,false,2,4,16,1024,25,65536,32,16,64,384000000,publish,303.08,315.24,0.961
true,false,2,4,16,1024,25,65536,32,16,64,384000000,reject,544.14,456.16,1.193
true,false,2,4,16,1024,250,65536,32,16,64,384000000,read,66.80,81.81,0.817
true,false,2,4,16,1024,250,65536,32,16,64,384000000,publish,297.20,321.40,0.925
true,false,2,4,16,1024,250,65536,32,16,64,384000000,reject,524.28,450.94,1.163
true,false,2,4,32,1024,25,65536,32,32,128,768000000,read,137.79,144.13,0.956
true,false,2,4,32,1024,25,65536,32,32,128,768000000,publish,505.70,516.17,0.980
true,false,2,4,32,1024,25,65536,32,32,128,768000000,reject,889.51,752.83,1.182
true,false,2,4,4,1024,25,65536,32,16,64,384000000,read,39.49,40.16,0.983
true,false,2,4,4,1024,25,65536,32,16,64,384000000,publish,203.89,199.83,1.020
true,false,2,4,4,1024,25,65536,32,16,64,384000000,reject,327.05,333.08,0.982
true,false,2,4,8,1024,25,65536,32,16,64,384000000,read,43.22,43.87,0.985
true,false,2,4,8,1024,25,65536,32,16,64,384000000,publish,229.48,224.58,1.022
true,false,2,4,8,1024,25,65536,32,16,64,384000000,reject,366.75,338.51,1.083
true,false,2,8,16,1024,25,65536,32,16,64,384000000,read,47.20,51.38,0.919
true,false,2,8,16,1024,25,65536,32,16,64,384000000,publish,251.87,245.74,1.025
true,false,2,8,16,1024,25,65536,32,16,64,384000000,reject,400.81,376.36,1.065
true,false,2,8,16,1024,250,65536,32,16,64,384000000,read,47.00,45.53,1.032
true,false,2,8,16,1024,250,65536,32,16,64,384000000,publish,250.86,234.15,1.071
true,false,2,8,16,1024,250,65536,32,16,64,384000000,reject,397.54,370.62,1.073
true,false,2,8,32,1024,25,65536,32,32,128,768000000,read,80.07,84.62,0.946
true,false,2,8,32,1024,25,65536,32,32,128,768000000,publish,342.41,347.08,0.987
true,false,2,8,32,1024,25,65536,32,32,128,768000000,reject,606.76,494.51,1.227
true,false,2,8,4,1024,25,65536,32,16,64,384000000,read,38.92,40.82,0.953
true,false,2,8,4,1024,25,65536,32,16,64,384000000,publish,194.35,184.49,1.053
true,false,2,8,4,1024,25,65536,32,16,64,384000000,reject,327.46,331.80,0.987
true,false,2,8,8,1024,25,65536,32,16,64,384000000,read,40.73,45.25,0.900
true,false,2,8,8,1024,25,65536,32,16,64,384000000,publish,223.25,225.35,0.991
true,false,2,8,8,1024,25,65536,32,16,64,384000000,reject,365.07,336.19,1.086
true,false,4,2,16,512,25,65536,32,16,64,384000000,read,77.04,83.10,0.927
true,false,4,2,16,512,25,65536,32,16,64,384000000,publish,340.47,321.24,1.060
true,false,4,2,16,512,25,65536,32,16,64,384000000,reject,592.66,490.97,1.207
true,false,4,2,16,512,250,65536,32,16,64,384000000,read,78.70,85.66,0.919
true,false,4,2,16,512,250,65536,32,16,64,384000000,publish,336.62,330.33,1.019
true,false,4,2,16,512,250,65536,32,16,64,384000000,reject,580.16,526.91,1.101
true,false,4,2,32,512,25,65536,32,32,128,768000000,read,129.08,154.17,0.837
true,false,4,2,32,512,25,65536,32,32,128,768000000,publish,495.97,528.65,0.938
true,false,4,2,32,512,25,65536,32,32,128,768000000,reject,952.98,787.69,1.210
true,false,4,2,4,512,25,65536,32,16,64,384000000,read,47.24,45.11,1.047
true,false,4,2,4,512,25,65536,32,16,64,384000000,publish,233.83,221.76,1.054
true,false,4,2,4,512,25,65536,32,16,64,384000000,reject,393.64,315.24,1.249
true,false,4,2,8,512,25,65536,32,16,64,384000000,read,45.05,49.51,0.910
true,false,4,2,8,512,25,65536,32,16,64,384000000,publish,272.87,237.89,1.147
true,false,4,2,8,512,25,65536,32,16,64,384000000,reject,399.46,373.19,1.070
true,false,4,8,16,512,25,65536,32,16,64,384000000,read,61.13,59.52,1.027
true,false,4,8,16,512,25,65536,32,16,64,384000000,publish,319.11,271.16,1.177
true,false,4,8,16,512,25,65536,32,16,64,384000000,reject,473.70,448.83,1.055
true,false,4,8,16,512,250,65536,32,16,64,384000000,read,59.23,53.18,1.114
true,false,4,8,16,512,250,65536,32,16,64,384000000,publish,303.70,265.35,1.144
true,false,4,8,16,512,250,65536,32,16,64,384000000,reject,451.32,408.36,1.105
true,false,4,8,32,512,25,65536,32,32,128,768000000,read,77.65,69.01,1.125
true,false,4,8,32,512,25,65536,32,32,128,768000000,publish,403.19,315.59,1.278
true,false,4,8,32,512,25,65536,32,32,128,768000000,reject,619.03,492.23,1.258
true,false,4,8,4,512,25,65536,32,16,64,384000000,read,50.10,37.15,1.349
true,false,4,8,4,512,25,65536,32,16,64,384000000,publish,240.83,217.94,1.105
true,false,4,8,4,512,25,65536,32,16,64,384000000,reject,435.22,333.78,1.304
true,false,4,8,8,512,25,65536,32,16,64,384000000,read,50.99,45.82,1.113
true,false,4,8,8,512,25,65536,32,16,64,384000000,publish,245.74,236.70,1.038
true,false,4,8,8,512,25,65536,32,16,64,384000000,reject,427.03,369.94,1.154
