run,window,journaled,replicas,pool_per_replica,clients_total,heap_mib,sample_millis,payload_bytes,iterations_per_client,total_read_slots,total_read_handles,total_budget_bytes,operations,inclusive_s,ops_per_s,read_p50_ms,read_p95_ms,read_p99_ms,publish_p50_ms,publish_p95_ms,publish_p99_ms,reject_p50_ms,reject_p95_ms,reject_p99_ms,sql_connections_total,pool_busy_fraction,sql_acquire_mean_ms,sql_acquire_total_s,sql_acquisitions_per_iteration,sql_usage_total_s,statement_exec_total_s,statement_calls,statements_per_iteration,db_commits_settled,db_commits_per_iteration,wal_bytes_mib,wal_fsyncs_settled,wal_fsync_time_settled_s,wal_fsync_time_window_s,wal_client_backend_fsync_time_settled_s,wal_write_time_settled_s,wal_fsync_share_of_settled_span,wal_fsync_share_of_window,relation_read_time_s,provider_put_count,provider_put_mean_ms,provider_get_count,provider_get_mean_ms,host_cpus,host_busy_cores,host_iowait_cores,postgres_cores,rustfs_cores,worker_cores,worker_cpu_s,settled_span_s,loadavg_begin,loadavg_done
compare-1,t00,true,1,8,16,2048,25,65536,32,16,64,384000000,512,6.912,74.08,67.41,90.38,96.49,291.95,335.26,358.85,497.42,542.68,560.23,8,0.874,3.979,30.566,15.00,48.308,11.150,76367,149.15,7851,15.33,11.33,2695,6.412,6.412,6.404,0.067,0.789,0.927,0.000,256,72.52,576,1.98,32,8.94,1.46,2.45,0.17,2.75,19.04,8.131,7.44,7.97
compare-1,t01,true,4,8,16,512,25,65536,32,16,64,384000000,512,6.392,80.10,59.27,76.90,84.16,277.64,332.07,360.76,450.23,472.50,499.35,32,0.312,0.005,0.036,14.99,63.760,15.041,76348,149.12,7628,14.90,10.91,2368,5.762,5.762,5.762,0.079,0.758,0.901,0.000,256,72.58,576,3.79,32,15.76,1.10,3.81,0.23,7.44,47.57,7.602,9.12,9.76
compare-1,t02,true,2,4,16,1024,25,65536,32,16,64,384000000,512,7.108,72.03,72.24,107.73,124.07,303.14,351.18,368.66,487.55,549.57,566.71,8,0.836,4.264,32.735,14.99,47.520,12.804,76354,149.13,7540,14.73,10.81,3108,6.333,6.333,6.332,0.064,0.761,0.891,0.000,256,74.23,576,2.65,32,10.55,1.26,2.88,0.18,3.98,28.28,8.316,9.67,9.94
compare-1,t03,true,1,8,16,2048,25,65536,32,16,64,384000000,512,6.803,75.26,67.55,89.09,96.00,292.33,327.85,352.76,490.73,557.86,571.86,8,0.877,3.962,30.433,15.00,47.721,11.621,76363,149.15,7059,13.79,11.33,2536,5.619,5.619,5.555,0.061,0.701,0.826,0.000,256,72.81,576,1.99,32,8.77,1.41,2.81,0.19,2.77,18.86,8.012,9.55,9.67
compare-1,t04,true,4,2,16,512,25,65536,32,16,64,384000000,512,7.775,65.86,76.21,105.99,113.98,324.03,373.20,409.33,568.96,627.64,662.61,8,0.841,4.695,36.050,15.00,52.337,10.865,76342,149.11,7436,14.52,10.57,2878,7.062,7.062,7.057,0.069,0.786,0.908,0.000,256,72.63,576,3.36,32,11.65,1.32,2.31,0.20,5.58,43.38,8.983,10.07,11.05
compare-1,t05,true,2,8,16,1024,25,65536,32,16,64,384000000,512,5.727,89.41,47.40,70.53,76.52,248.27,312.86,333.86,398.15,517.48,536.54,16,0.613,0.070,0.537,15.00,56.128,13.568,76372,149.16,7374,14.40,10.66,2200,4.875,4.875,4.867,0.073,0.703,0.851,0.000,256,73.69,576,3.19,32,16.42,0.97,3.93,0.26,5.59,32.01,6.937,11.04,11.92
compare-1,t06,true,2,8,16,1024,25,65536,32,16,64,384000000,512,5.584,91.70,48.35,69.92,85.21,248.04,284.16,290.58,384.71,432.36,451.07,16,0.617,0.048,0.368,15.00,55.126,12.405,76384,149.19,7575,14.79,10.88,2037,5.124,5.124,5.104,0.063,0.754,0.917,0.000,256,71.22,576,3.03,32,12.64,1.29,3.73,0.25,5.32,29.71,6.793,11.45,11.65
compare-1,t07,true,4,2,16,512,25,65536,32,16,64,384000000,512,8.129,62.98,86.13,118.89,131.54,329.00,409.67,433.30,567.17,637.18,650.65,8,0.831,5.245,40.254,14.99,54.063,11.419,76327,149.08,7576,14.80,12.25,2953,7.172,7.172,7.094,0.081,0.768,0.882,0.000,256,71.16,576,3.28,32,11.77,1.29,2.37,0.20,5.31,43.15,9.338,11.59,12.39
compare-1,t08,true,1,8,16,2048,25,65536,32,16,64,384000000,512,6.534,78.36,62.91,85.86,104.58,279.40,318.06,337.70,473.36,524.40,555.08,8,0.871,3.676,28.226,15.00,45.543,9.902,76352,149.13,7718,15.07,11.22,2664,6.092,6.092,6.073,0.066,0.787,0.932,0.000,256,72.12,576,1.94,32,8.96,1.45,2.51,0.18,2.91,18.99,7.742,12.83,12.53
compare-1,t09,true,2,4,16,1024,25,65536,32,16,64,384000000,512,7.129,71.82,72.96,96.10,102.04,297.22,343.81,367.92,515.85,582.13,599.56,8,0.871,4.091,31.415,15.00,49.656,10.586,76352,149.13,7640,14.92,10.99,2710,6.505,6.505,6.497,0.073,0.780,0.912,0.000,256,71.82,576,2.59,32,10.49,1.35,2.45,0.37,3.92,27.96,8.340,13.09,13.0
compare-1,t10,true,4,8,16,512,25,65536,32,16,64,384000000,512,6.115,83.72,51.09,68.24,77.94,269.22,322.18,353.35,440.52,476.22,492.23,32,0.309,0.005,0.040,14.99,60.546,13.734,76372,149.16,7247,14.15,10.32,2241,5.275,5.275,5.255,0.075,0.720,0.862,0.000,256,70.75,576,3.64,32,15.66,1.09,3.74,0.23,7.49,45.83,7.326,12.67,13.26
compare-1,t11,true,1,8,16,2048,25,65536,32,16,64,384000000,512,6.990,73.25,68.41,103.82,116.14,293.97,343.50,381.14,516.97,579.83,603.33,8,0.860,4.172,32.025,14.99,48.081,10.210,76358,149.14,7497,14.64,10.90,2451,6.380,6.380,6.373,0.064,0.778,0.912,0.000,256,75.78,576,2.11,32,9.92,1.51,2.40,0.19,2.67,18.69,8.201,11.77,12.35
compare-2,t00,true,1,8,16,2048,25,65536,32,16,64,384000000,512,6.750,75.85,65.72,89.22,116.34,285.55,334.78,343.35,485.53,546.75,584.55,8,0.863,4.044,31.090,15.01,46.578,10.821,76388,149.20,8038,15.70,11.45,2826,6.514,6.514,6.498,0.072,0.818,0.964,0.000,256,72.48,576,1.89,32,8.61,1.45,2.45,0.18,2.79,18.89,7.968,10.74,10.2
compare-2,t01,true,4,8,16,512,25,65536,32,16,64,384000000,512,6.089,84.09,53.66,74.07,83.94,264.59,324.88,343.20,437.84,469.64,478.73,32,0.306,0.005,0.037,15.00,59.652,14.876,76377,149.17,7192,14.05,10.15,2371,5.104,5.104,5.098,0.077,0.699,0.838,0.000,256,74.27,576,3.52,32,15.34,1.06,3.94,0.22,7.50,45.67,7.300,12.11,12.42
compare-2,t02,true,2,4,16,1024,25,65536,32,16,64,384000000,512,7.689,66.59,81.51,112.57,124.83,324.56,365.81,390.62,528.17,579.39,619.24,8,0.851,4.747,36.443,14.99,52.370,12.811,76344,149.11,7096,13.86,10.08,2719,6.358,6.358,6.353,0.069,0.715,0.827,0.001,256,71.62,576,2.71,32,10.04,1.39,2.66,0.17,3.67,28.26,8.897,12.44,12.25
compare-2,t03,true,1,8,16,2048,25,65536,32,16,64,384000000,512,6.537,78.33,65.48,83.23,95.03,280.38,323.39,361.34,459.62,517.69,531.04,8,0.865,3.856,29.608,15.00,45.215,12.043,76350,149.12,7333,14.32,12.14,2743,5.464,5.464,5.402,0.062,0.706,0.836,0.000,256,73.23,576,1.99,32,9.66,1.28,3.00,0.19,2.85,18.64,7.745,10.82,11.08
compare-2,t04,true,4,2,16,512,25,65536,32,16,64,384000000,512,8.185,62.55,88.70,128.10,143.39,335.71,394.31,416.57,582.17,654.06,676.57,8,0.845,5.328,40.884,14.99,55.309,10.727,76322,149.07,7578,14.80,10.78,2833,7.527,7.527,7.522,0.080,0.801,0.919,0.000,256,71.13,576,3.26,32,10.97,1.38,2.17,0.19,5.19,42.46,9.394,10.4,12.01
compare-2,t05,true,2,8,16,1024,25,65536,32,16,64,384000000,512,5.489,93.28,48.78,61.78,70.85,247.92,276.51,297.61,398.25,420.85,423.48,16,0.604,0.066,0.504,15.01,53.055,12.892,76382,149.18,7595,14.83,10.85,2302,5.038,5.038,5.032,0.073,0.752,0.917,0.000,256,73.35,576,2.98,32,13.82,1.17,3.93,0.25,5.53,30.36,6.699,11.99,12.47
compare-2,t06,true,2,8,16,1024,25,65536,32,16,64,384000000,512,5.657,90.50,47.59,66.44,72.05,251.50,290.65,298.19,403.57,448.27,471.09,16,0.623,0.064,0.495,15.00,56.416,13.222,76366,149.15,6855,13.39,9.82,1911,4.511,4.511,4.501,0.067,0.657,0.797,0.000,256,72.99,576,3.15,32,14.94,1.39,3.90,0.27,5.45,30.87,6.866,13.09,13.89
compare-2,t07,true,4,2,16,512,25,65536,32,16,64,384000000,512,8.229,62.22,88.96,125.14,138.04,335.29,393.19,418.89,596.96,679.39,715.59,8,0.851,5.231,40.173,15.00,56.015,11.225,76352,149.13,7717,15.07,12.55,2902,7.635,7.635,7.563,0.087,0.809,0.927,0.000,256,71.67,576,3.31,32,11.19,1.36,2.29,0.19,5.25,43.20,9.439,15.31,14.96
compare-2,t08,true,1,8,16,2048,25,65536,32,16,64,384000000,512,6.873,74.49,65.93,99.72,109.17,291.97,366.47,415.79,491.89,551.97,606.41,8,0.859,3.948,30.316,15.00,47.248,10.546,76343,149.11,6824,13.33,9.83,2360,5.602,5.602,5.584,0.090,0.693,0.815,0.000,256,78.29,576,2.05,32,11.46,1.39,2.51,0.18,2.85,19.59,8.083,13.45,14.44
compare-2,t09,true,2,4,16,1024,25,65536,32,16,64,384000000,512,7.583,67.52,73.77,104.92,126.00,318.95,404.09,436.18,554.47,638.98,645.29,8,0.870,4.318,33.159,15.00,52.751,12.051,76352,149.13,7169,14.00,10.23,2844,6.304,6.304,6.282,0.095,0.717,0.831,0.000,256,77.70,576,3.25,32,15.45,1.14,2.59,0.23,4.27,32.41,8.792,14.16,14.53
compare-2,t10,true,4,8,16,512,25,65536,32,16,64,384000000,512,7.818,65.49,69.68,91.19,99.48,324.88,405.61,433.31,545.65,688.60,734.67,32,0.327,0.009,0.065,14.99,81.891,16.273,76361,149.14,7966,15.56,11.26,2506,7.175,7.146,7.126,0.099,0.795,0.913,0.000,256,77.28,576,4.75,32,21.09,1.23,3.33,0.22,6.88,53.86,9.030,17.89,19.8
compare-2,t11,true,1,8,16,2048,25,65536,32,16,64,384000000,512,7.417,69.03,71.13,97.26,122.00,304.05,363.44,408.75,533.08,765.39,789.55,8,0.890,4.563,35.041,15.00,52.782,10.769,76354,149.13,7401,14.46,10.63,2492,6.495,6.494,6.479,0.073,0.753,0.875,0.000,256,74.64,576,2.29,32,11.88,1.77,2.38,0.18,2.84,21.09,8.625,19.16,18.58
compare-3,t00,true,1,8,16,2048,25,65536,32,16,64,384000000,512,6.779,75.52,65.89,89.59,99.52,292.97,342.13,348.97,489.26,529.96,574.86,8,0.883,3.881,29.803,15.00,47.871,11.159,76358,149.14,7760,15.16,11.08,2685,6.311,6.311,6.298,0.068,0.789,0.930,0.000,256,71.54,576,2.13,32,9.18,1.44,2.51,0.18,2.88,19.57,7.998,15.43,14.61
compare-3,t01,true,4,8,16,512,25,65536,32,16,64,384000000,512,6.606,77.50,59.89,87.56,93.20,281.24,347.49,375.36,460.02,526.06,555.26,32,0.318,0.005,0.037,14.99,67.264,14.579,76357,149.13,8015,15.65,11.38,2434,6.863,6.863,6.862,0.085,0.878,1.038,0.000,256,77.36,576,3.63,32,14.39,1.23,3.57,0.27,6.80,44.92,7.815,13.77,13.63
compare-3,t02,true,2,4,16,1024,25,65536,32,16,64,384000000,512,7.475,68.50,77.13,108.95,141.58,313.71,382.15,394.98,519.13,570.25,583.99,8,0.841,4.750,36.467,15.00,50.316,12.694,76342,149.11,7166,14.00,10.27,2787,6.345,6.345,6.340,0.065,0.731,0.849,0.000,256,71.79,576,2.56,32,10.09,1.36,2.70,0.18,3.69,27.61,8.683,13.6,13.47
compare-3,t03,true,1,8,16,2048,25,65536,32,16,64,384000000,512,6.724,76.15,64.62,87.78,106.67,280.18,324.54,337.20,502.96,617.02,641.99,8,0.884,3.961,30.420,15.00,47.528,10.059,76356,149.13,6986,13.64,10.16,2292,5.684,5.684,5.684,0.057,0.717,0.845,0.000,256,71.47,576,1.97,32,9.16,1.48,2.49,0.19,2.82,18.95,7.933,13.06,15.47
compare-3,t04,true,4,2,16,512,25,65536,32,16,64,384000000,512,7.979,64.17,80.40,112.83,128.16,323.80,384.73,406.14,582.24,657.31,687.50,8,0.846,4.862,37.330,15.00,54.015,10.772,76358,149.14,7613,14.87,10.83,2809,7.332,7.332,7.332,0.080,0.798,0.919,0.000,256,72.50,576,3.31,32,11.21,1.36,2.24,0.20,5.26,41.95,9.189,17.28,16.87
compare-3,t05,true,2,8,16,1024,25,65536,32,16,64,384000000,512,5.573,91.87,48.13,65.16,75.77,250.39,277.22,286.02,398.48,435.66,441.38,16,0.609,0.074,0.569,14.98,54.344,12.656,76342,149.11,7596,14.84,10.93,2204,5.189,5.189,5.188,0.070,0.765,0.930,0.000,256,73.35,576,2.95,32,13.38,1.23,3.81,0.25,5.28,29.44,6.784,14.97,14.98
compare-3,t06,true,2,8,16,1024,25,65536,32,16,64,384000000,512,5.766,88.79,50.31,71.04,75.69,251.67,281.62,287.58,420.49,463.41,475.14,16,0.619,0.057,0.439,15.00,57.112,12.946,76381,149.18,7748,15.13,10.90,2063,5.125,5.125,5.115,0.074,0.735,0.888,0.000,256,72.03,576,3.08,32,13.54,1.21,3.76,0.24,5.35,30.89,6.976,15.57,16.17
compare-3,t07,true,4,2,16,512,25,65536,32,16,64,384000000,512,7.792,65.71,79.21,117.05,127.41,323.66,381.55,417.04,560.83,644.90,667.03,8,0.819,4.991,38.311,14.99,51.053,11.141,76332,149.09,7469,14.59,10.99,3115,7.094,7.094,7.077,0.089,0.788,0.910,0.000,256,74.36,576,3.33,32,12.06,1.27,2.37,0.20,5.48,42.70,9.001,15.0,15.4
compare-3,t08,true,1,8,16,2048,25,65536,32,16,64,384000000,512,6.401,79.99,61.96,83.29,90.04,272.47,317.00,335.66,468.10,517.84,543.66,8,0.862,3.695,28.378,15.00,44.124,9.777,76357,149.13,7423,14.50,10.67,2557,5.749,5.749,5.736,0.063,0.755,0.898,0.000,256,73.64,576,1.92,32,8.68,1.42,2.52,0.19,2.88,18.43,7.611,14.09,14.49
compare-3,t09,true,2,4,16,1024,25,65536,32,16,64,384000000,512,7.180,71.31,70.00,100.44,106.30,302.59,341.61,364.32,533.63,584.84,590.81,8,0.870,4.267,32.767,15.00,49.954,10.659,76354,149.13,7496,14.64,10.75,2822,6.604,6.604,6.597,0.079,0.787,0.919,0.000,256,71.69,576,2.68,32,10.76,1.34,2.45,0.36,4.05,29.08,8.389,13.13,13.52
compare-3,t10,true,4,8,16,512,25,65536,32,16,64,384000000,512,5.986,85.54,49.01,67.26,73.86,268.92,322.20,346.51,431.89,470.28,489.61,32,0.309,0.005,0.036,14.98,59.244,14.058,76351,149.12,7051,13.77,10.05,2297,5.151,5.151,5.135,0.077,0.716,0.860,0.000,256,73.38,576,3.64,32,16.38,1.03,3.91,0.23,7.73,46.28,7.195,13.34,14.2
compare-3,t11,true,1,8,16,2048,25,65536,32,16,64,384000000,512,6.733,76.05,66.46,93.43,103.09,282.56,339.53,355.18,494.64,551.22,587.48,8,0.866,3.939,30.256,15.00,46.641,9.752,76359,149.14,6864,13.41,9.91,2185,5.588,5.588,5.568,0.056,0.704,0.830,0.000,256,74.93,576,1.90,32,8.94,1.51,2.39,0.18,2.70,18.17,7.943,12.87,13.64
control-sample250,t00,true,1,8,16,2048,250,65536,32,16,64,384000000,512,6.618,77.36,60.30,90.01,97.91,284.71,331.18,355.38,476.12,571.69,586.45,8,0.881,3.768,28.950,15.01,46.639,10.866,76382,149.18,6961,13.60,9.96,2264,5.636,5.636,5.622,0.059,0.718,0.850,0.000,256,72.23,576,1.86,32,8.71,1.48,2.47,0.18,2.79,18.52,7.844,10.85,10.62
control-sample250,t01,true,4,8,16,512,250,65536,32,16,64,384000000,512,6.403,79.96,58.87,76.61,83.76,274.19,337.24,362.81,442.29,479.81,491.98,32,0.314,0.007,0.052,14.99,64.391,14.938,76359,149.14,7572,14.79,10.82,2259,5.880,5.880,5.868,0.080,0.772,0.918,0.000,256,71.18,576,3.66,32,15.49,1.13,3.73,0.24,7.24,46.37,7.617,13.85,14.91
control-sample250,t02,true,2,4,16,1024,250,65536,32,16,64,384000000,512,7.344,69.72,75.65,103.99,120.16,316.57,365.01,378.63,500.68,551.43,575.68,8,0.871,4.403,33.803,15.00,51.168,13.199,76358,149.14,7334,14.32,10.45,2859,6.344,6.344,6.344,0.074,0.738,0.864,0.000,256,71.81,576,2.82,32,10.77,1.29,2.82,0.18,4.08,29.97,8.597,15.64,15.9
control-sample250,t03,true,1,8,16,2048,250,65536,32,16,64,384000000,512,6.678,76.67,65.15,90.32,104.38,282.05,345.97,378.02,475.24,576.74,602.97,8,0.870,3.816,29.307,15.00,46.491,12.184,76363,149.15,7001,13.67,11.48,2638,5.421,5.421,5.380,0.062,0.687,0.811,0.000,256,74.34,576,2.02,32,9.61,1.32,2.96,0.20,2.96,19.75,7.890,14.37,13.31
control-sample250,t04,true,4,2,16,512,250,65536,32,16,64,384000000,512,8.080,63.36,82.71,125.55,179.54,329.97,426.37,458.95,582.73,647.61,679.70,8,0.832,5.207,39.971,14.99,53.791,11.050,76347,149.12,7558,14.76,10.63,2946,7.238,7.238,7.235,0.082,0.779,0.895,0.000,256,72.79,576,3.38,32,11.71,1.30,2.24,0.20,5.37,43.41,9.293,14.0,15.59
control-sample250,t05,true,2,8,16,1024,250,65536,32,16,64,384000000,512,5.494,93.19,48.53,62.45,80.62,240.51,270.24,274.74,386.39,434.95,454.35,16,0.604,0.067,0.512,15.00,53.060,12.465,76372,149.16,7735,15.11,11.00,2142,4.987,4.987,4.978,0.065,0.744,0.907,0.000,256,71.61,576,2.83,32,12.29,1.28,3.77,0.25,5.10,28.03,6.704,14.52,14.55
control-sample250,t06,true,2,8,16,1024,250,65536,32,16,64,384000000,512,5.615,91.18,45.52,65.43,69.69,252.03,284.49,309.59,404.20,470.52,481.12,16,0.607,0.064,0.496,15.01,54.570,12.983,76401,149.22,8153,15.92,11.62,2293,5.438,5.438,5.428,0.075,0.797,0.968,0.000,256,72.93,576,2.99,32,13.73,1.20,3.84,0.25,5.47,30.75,6.827,14.75,14.74
control-sample250,t07,true,4,2,16,512,250,65536,32,16,64,384000000,512,8.224,62.26,86.64,120.03,136.28,337.29,390.16,421.44,587.30,664.66,668.84,8,0.830,5.246,40.255,14.99,54.583,11.463,76322,149.07,7621,14.88,12.63,3000,7.296,7.296,7.214,0.088,0.773,0.887,0.000,256,71.76,576,3.31,32,11.39,1.29,2.32,0.19,5.31,43.70,9.435,16.21,16.16
control-sample250,t08,true,1,8,16,2048,250,65536,32,16,64,384000000,512,6.804,75.24,68.90,94.79,103.65,287.42,327.30,348.31,493.96,561.00,588.75,8,0.888,3.920,30.102,15.00,48.315,10.010,76368,149.16,7822,15.28,11.43,2638,6.377,6.377,6.366,0.071,0.796,0.937,0.000,256,71.04,576,2.03,32,8.68,1.49,2.41,0.18,2.83,19.28,8.014,15.49,15.21
control-sample250,t09,true,2,4,16,1024,250,65536,32,16,64,384000000,512,7.425,68.95,75.01,100.51,112.36,309.58,355.35,367.00,542.56,595.15,662.44,8,0.871,4.408,33.850,15.00,51.727,10.626,76357,149.13,7216,14.09,10.29,2508,6.401,6.401,6.394,0.070,0.741,0.862,0.000,256,71.03,576,2.70,32,9.81,1.42,2.33,0.17,3.81,28.28,8.635,14.52,14.24
control-sample250,t10,true,4,8,16,512,250,65536,32,16,64,384000000,512,6.180,82.84,53.97,74.91,91.92,277.76,314.36,349.39,437.11,479.82,500.03,32,0.311,0.005,0.038,14.99,61.472,14.216,76383,149.19,7806,15.25,11.10,2441,5.586,5.586,5.577,0.081,0.756,0.903,0.000,256,72.15,576,3.70,32,16.22,1.05,3.79,0.23,7.74,47.86,7.391,13.24,14.26
control-sample250,t11,true,1,8,16,2048,250,65536,32,16,64,384000000,512,6.588,77.71,60.03,88.47,104.82,281.16,382.10,402.57,458.72,516.12,562.89,8,0.859,3.667,28.156,15.00,45.285,9.883,76348,149.12,7041,13.75,9.99,2496,5.552,5.552,5.538,0.063,0.712,0.842,0.000,256,75.49,576,1.91,32,8.49,1.44,2.43,0.18,2.81,18.52,7.798,12.69,13.41
load-4,t00,true,1,8,4,2048,25,65536,32,16,64,384000000,128,3.741,34.21,28.65,45.52,52.79,171.25,216.64,228.81,271.38,305.94,305.94,8,0.281,0.002,0.004,14.98,8.404,2.360,19081,149.07,1855,14.49,2.67,1244,2.089,2.089,2.087,0.024,0.421,0.557,0.000,64,48.23,144,2.31,32,7.40,0.89,1.03,0.10,2.21,8.27,4.960,7.12,7.35
load-4,t01,true,4,8,4,512,25,65536,32,16,64,384000000,128,5.392,23.74,48.14,65.09,67.16,226.50,269.41,289.17,393.25,495.93,495.93,32,0.074,0.005,0.010,14.98,12.837,2.723,19094,149.17,1777,13.88,2.86,1251,3.490,3.490,3.454,0.032,0.529,0.647,0.002,64,64.28,144,3.37,32,8.71,1.30,0.84,0.09,3.85,20.76,6.602,7.57,8.24
load-4,t02,true,2,4,4,1024,25,65536,32,16,64,384000000,128,4.703,27.22,42.41,58.23,60.28,206.12,238.05,243.22,338.94,391.14,391.14,8,0.291,0.003,0.006,14.98,10.955,2.593,19119,149.37,1788,13.97,2.50,1328,3.053,3.053,3.048,0.034,0.516,0.649,0.000,64,57.90,144,2.90,32,6.99,1.16,0.94,0.10,2.78,13.08,5.913,7.9,8.15
load-4,t03,true,1,8,4,2048,25,65536,32,16,64,384000000,128,3.713,34.47,28.49,47.58,57.59,164.84,204.13,209.08,278.08,338.56,338.56,8,0.286,0.002,0.004,14.99,8.484,2.530,19086,149.11,1567,12.24,2.27,1081,1.675,1.671,1.656,0.024,0.340,0.450,0.000,64,44.45,144,2.20,32,6.85,0.86,1.14,0.09,2.16,8.04,4.922,7.82,7.99
load-4,t04,true,4,2,4,512,25,65536,32,16,64,384000000,128,4.969,25.76,42.22,63.57,70.11,212.43,262.07,279.02,348.11,436.39,436.39,8,0.291,0.006,0.011,14.97,11.560,2.790,19072,149.00,1699,13.27,2.38,1340,2.755,2.755,2.742,0.034,0.446,0.554,0.000,64,60.01,144,3.18,32,7.83,1.04,0.94,0.09,4.03,20.01,6.176,8.15,8.62
load-4,t05,true,2,8,4,1024,25,65536,32,16,64,384000000,128,4.455,28.73,36.86,62.28,104.26,192.68,233.39,236.65,322.95,416.94,416.94,16,0.141,0.003,0.006,14.99,10.030,2.334,19085,149.10,1744,13.63,2.41,1306,2.515,2.515,2.509,0.026,0.444,0.564,0.000,64,59.57,144,2.74,32,6.85,1.09,0.92,0.10,2.90,12.91,5.665,8.08,8.08
load-4,t06,true,2,8,4,1024,25,65536,32,16,64,384000000,128,4.221,30.32,31.20,44.35,59.20,188.22,211.61,217.72,319.88,360.57,360.57,16,0.135,0.003,0.006,14.98,9.151,2.408,19081,149.07,1807,14.12,2.57,1351,2.283,2.283,2.280,0.027,0.420,0.541,0.000,64,53.98,144,2.73,32,7.79,0.86,0.99,0.09,3.06,12.92,5.430,8.42,8.47
load-4,t07,true,4,2,4,512,25,65536,32,16,64,384000000,128,5.160,24.81,46.44,59.96,66.12,223.92,258.17,266.64,377.88,440.45,440.45,8,0.299,0.005,0.010,14.97,12.345,2.600,19085,149.10,1811,14.15,2.59,1372,3.091,3.086,3.063,0.038,0.485,0.598,0.000,64,58.40,144,3.23,32,7.98,1.10,0.90,0.10,3.87,20.00,6.369,8.35,8.56
load-4,t08,true,1,8,4,2048,25,65536,32,16,64,384000000,128,4.230,30.26,34.46,50.13,50.22,194.35,217.68,226.10,309.38,362.36,362.36,8,0.291,0.002,0.004,14.98,9.840,2.346,19088,149.13,1807,14.12,2.47,1315,2.828,2.828,2.823,0.026,0.520,0.668,0.000,64,56.61,144,2.35,32,5.77,1.27,0.96,0.11,2.02,8.54,5.438,8.44,8.4
load-4,t09,true,2,4,4,1024,25,65536,32,16,64,384000000,128,4.443,28.81,38.20,50.93,59.81,196.11,223.44,239.72,332.66,363.82,363.82,8,0.279,0.004,0.007,14.98,9.900,2.374,19075,149.02,1830,14.30,2.64,1356,2.776,2.776,2.773,0.029,0.491,0.625,0.000,64,60.77,144,2.83,32,7.31,1.09,0.94,0.11,2.86,12.73,5.650,7.97,8.05
load-4,t10,true,4,8,4,512,25,65536,32,16,64,384000000,128,4.972,25.75,41.03,60.50,62.46,225.98,261.59,280.02,347.63,485.69,485.69,32,0.072,0.006,0.012,14.97,11.432,2.721,19100,149.22,1878,14.67,3.51,1414,2.680,2.680,2.556,0.034,0.434,0.539,0.000,64,61.12,144,3.36,32,8.40,0.98,0.99,0.11,4.27,21.23,6.181,8.0,8.24
load-4,t11,true,1,8,4,2048,25,65536,32,16,64,384000000,128,4.047,31.63,32.78,52.10,53.97,184.12,207.71,225.59,290.00,322.77,322.77,8,0.280,0.002,0.004,14.99,9.066,2.145,19091,149.15,1892,14.78,2.72,1333,2.747,2.747,2.738,0.026,0.523,0.679,0.000,64,58.40,144,2.23,32,5.40,1.23,0.93,0.11,1.91,7.75,5.254,8.54,8.34
load-8,t00,true,1,8,8,2048,25,65536,32,16,64,384000000,256,4.517,56.68,33.85,53.62,57.52,203.79,227.17,242.87,327.08,354.40,358.40,8,0.583,0.026,0.098,15.00,21.062,5.366,38208,149.25,3373,13.18,4.74,1535,3.180,3.180,3.180,0.033,0.554,0.702,0.000,128,67.18,288,2.23,32,8.44,1.30,1.90,0.13,2.68,12.12,5.737,9.96,10.12
load-8,t01,true,4,8,8,512,25,65536,32,16,64,384000000,256,5.613,45.61,47.71,65.68,106.71,242.86,322.02,350.23,392.26,468.76,469.32,32,0.150,0.005,0.020,14.98,27.026,5.879,38160,149.06,3873,15.13,5.55,1858,4.719,4.719,4.704,0.057,0.692,0.840,0.000,128,68.11,288,3.23,32,10.20,1.27,1.75,0.13,5.34,29.97,6.824,10.11,10.1
load-8,t02,true,2,4,8,1024,25,65536,32,16,64,384000000,256,5.197,49.26,45.55,64.27,69.92,229.76,264.20,279.85,362.00,410.76,411.66,8,0.596,0.101,0.386,15.00,24.760,5.869,38176,149.13,3568,13.94,4.97,1721,4.126,4.126,4.126,0.047,0.644,0.794,0.001,128,66.63,288,2.80,32,9.13,1.33,1.86,0.13,3.54,18.40,6.405,9.58,9.85
load-8,t03,true,1,8,8,2048,25,65536,32,16,64,384000000,256,4.520,56.64,33.61,49.31,53.12,209.79,235.98,243.23,309.49,367.27,370.74,8,0.586,0.029,0.112,15.00,21.190,5.870,38183,149.15,3463,13.53,4.89,1659,3.138,3.138,3.137,0.037,0.548,0.694,0.000,128,65.68,288,2.13,32,7.93,1.19,2.12,0.14,2.68,12.14,5.728,9.46,9.27
load-8,t04,true,4,2,8,512,25,65536,32,16,64,384000000,256,5.727,44.70,48.59,62.58,68.00,254.74,340.20,360.74,408.05,444.10,452.93,8,0.587,0.248,0.953,14.98,26.910,6.128,38155,149.04,3923,15.32,6.60,2035,4.655,4.655,4.543,0.057,0.671,0.812,0.000,128,70.91,288,3.40,32,11.83,1.25,1.84,0.15,5.54,31.75,6.935,8.95,9.35
load-8,t05,true,2,8,8,1024,25,65536,32,16,64,384000000,256,4.925,51.98,40.87,57.74,59.42,219.59,244.10,253.72,353.27,393.22,408.70,16,0.289,0.003,0.013,15.00,22.770,5.341,38214,149.27,3691,14.42,5.19,1773,3.943,3.943,3.943,0.043,0.643,0.800,0.000,128,67.57,288,2.74,32,8.61,1.28,1.86,0.15,3.72,18.32,6.133,9.41,9.69
load-8,t06,true,2,8,8,1024,25,65536,32,16,64,384000000,256,5.124,49.96,43.86,66.09,72.83,226.90,248.60,261.71,382.22,424.07,428.24,16,0.298,0.003,0.011,14.99,24.404,5.276,38185,149.16,3805,14.86,5.39,1757,4.288,4.288,4.287,0.045,0.677,0.836,0.000,128,66.02,288,2.95,32,9.11,1.36,1.77,0.15,3.65,18.69,6.334,9.72,10.54
load-8,t07,true,4,2,8,512,25,65536,32,16,64,384000000,256,5.411,47.31,44.82,60.87,64.04,246.42,276.11,284.80,381.93,439.90,446.52,8,0.584,0.247,0.948,14.99,25.279,5.533,38171,149.11,3989,15.58,5.74,2113,4.750,4.745,4.733,0.057,0.717,0.876,0.000,128,68.03,288,3.18,32,10.17,1.23,1.76,0.14,5.46,29.54,6.620,10.77,11.67
load-8,t08,true,1,8,8,2048,25,65536,32,16,64,384000000,256,4.798,53.35,39.09,59.91,64.03,210.74,247.92,269.98,336.71,383.11,393.11,8,0.589,0.026,0.100,15.00,22.593,5.272,38178,149.13,3943,15.40,5.63,1798,4.074,4.074,4.062,0.047,0.678,0.849,0.000,128,63.67,288,2.33,32,8.36,1.30,1.87,0.15,2.61,12.52,6.007,11.3,11.27
load-8,t09,true,2,4,8,1024,25,65536,32,16,64,384000000,256,5.146,49.75,42.03,63.16,67.93,230.60,254.16,269.25,366.28,400.75,420.04,8,0.587,0.126,0.485,15.01,24.159,5.309,38207,149.25,3666,14.32,5.16,1756,4.021,4.021,4.018,0.048,0.633,0.781,0.000,128,65.13,288,2.82,32,9.44,1.27,1.77,0.14,3.67,18.88,6.357,11.21,11.03
load-8,t10,true,4,8,8,512,25,65536,32,16,64,384000000,256,5.454,46.94,47.90,66.35,70.48,239.61,267.66,277.72,389.94,430.85,433.05,32,0.147,0.004,0.016,15.00,25.669,5.647,38175,149.12,3860,15.08,5.56,1938,4.471,4.471,4.464,0.054,0.671,0.820,0.000,128,67.53,288,3.35,32,11.04,1.19,1.78,0.15,5.45,29.71,6.663,11.11,11.18
load-8,t11,true,1,8,8,2048,25,65536,32,16,64,384000000,256,4.492,56.99,34.96,58.59,73.18,203.07,275.07,309.60,316.10,360.92,362.77,8,0.580,0.038,0.148,15.03,20.854,5.180,38218,149.29,3453,13.49,4.80,1625,3.119,3.119,3.119,0.037,0.547,0.694,0.000,128,64.78,288,2.04,32,8.31,1.24,1.97,0.15,2.78,12.51,5.701,11.93,11.14
load-32-slots32,t00,true,2,8,32,1024,25,65536,32,32,128,768000000,1024,8.166,125.40,81.41,112.97,120.69,341.52,389.72,409.66,595.71,655.49,679.90,16,0.878,4.981,76.505,15.00,114.655,29.079,152734,149.15,15717,15.35,22.68,3283,8.029,8.029,8.009,0.115,0.855,0.982,0.002,512,80.21,1152,2.71,32,15.73,1.17,5.33,0.31,5.72,46.74,9.386,6.52,9.89
load-32-slots32,t01,true,4,8,32,512,25,65536,32,32,128,768000000,1024,8.037,127.41,72.72,95.12,116.05,357.71,432.78,446.00,574.88,638.81,663.41,32,0.683,0.094,1.446,14.99,175.768,43.753,152697,149.12,14428,14.09,20.76,2921,6.923,6.923,6.910,0.132,0.749,0.861,0.000,512,83.44,1152,4.38,32,22.96,0.69,7.84,0.43,9.83,79.04,9.247,14.64,18.71
load-32-slots32,t02,true,2,4,32,1024,25,65536,32,32,128,768000000,1024,13.184,77.67,155.46,227.54,248.20,551.38,644.35,701.93,877.35,967.31,1022.44,8,0.921,17.462,268.108,14.99,97.103,26.939,152685,149.11,15081,14.73,23.35,5769,11.890,11.890,11.827,0.138,0.826,0.902,0.000,512,75.96,1152,2.29,32,10.13,1.31,3.17,0.20,3.24,42.67,14.395,17.0,17.65
load-32-slots32,t03,true,4,2,32,512,25,65536,32,32,128,768000000,1024,13.166,77.78,153.56,201.79,216.58,540.09,609.29,645.79,912.35,1185.11,1211.09,8,0.914,17.143,263.185,14.99,96.293,21.337,152664,149.09,14990,14.64,21.60,5446,11.949,11.949,11.924,0.143,0.831,0.907,0.000,512,77.60,1152,3.22,32,13.10,1.20,2.58,0.22,4.98,65.61,14.376,18.31,17.71
load-32-slots32,t04,true,4,2,32,512,25,65536,32,32,128,768000000,1024,12.635,81.05,145.59,191.40,220.14,519.45,581.21,601.16,887.84,988.46,1000.61,8,0.913,16.220,249.008,14.99,92.274,20.599,152664,149.09,15367,15.01,21.91,5597,12.054,12.054,12.041,0.143,0.871,0.954,0.000,512,77.58,1152,3.12,32,11.36,1.27,2.59,0.21,5.05,63.79,13.844,16.0,16.2
load-32-slots32,t05,true,2,4,32,1024,25,65536,32,32,128,768000000,1024,11.896,86.08,136.23,185.76,206.67,493.19,570.81,599.10,814.89,939.00,982.22,8,0.913,15.449,237.277,15.00,86.892,19.377,152699,149.12,15260,14.90,21.60,5198,11.252,11.252,11.228,0.126,0.859,0.946,0.000,512,74.71,1152,2.26,32,9.40,1.40,2.58,0.20,3.34,39.70,13.105,14.79,14.41
load-32-slots32,t06,true,4,8,32,512,25,65536,32,32,128,768000000,1024,7.726,132.54,68.65,97.68,107.94,324.76,427.45,460.95,541.49,666.82,677.40,32,0.674,0.105,1.612,15.00,166.705,33.978,152737,149.16,15148,14.79,21.77,2685,7.421,7.416,7.387,0.128,0.831,0.959,0.000,512,82.03,1152,4.28,32,21.79,0.81,6.72,0.38,9.77,75.54,8.935,16.48,20.28
load-32-slots32,t07,true,2,8,32,1024,25,65536,32,32,128,768000000,1024,8.330,122.93,85.23,112.59,130.00,340.58,402.56,427.49,604.75,667.74,698.73,16,0.864,5.156,79.164,15.00,115.215,24.925,152683,149.10,15455,15.09,22.12,3060,8.043,8.043,8.016,0.113,0.843,0.965,0.002,512,78.47,1152,2.76,32,14.73,1.27,4.82,0.31,5.61,46.78,9.541,18.09,17.93
