run,window,replicas,worker,measured_operations,provider_puts,provider_gets,sql_acquisitions
raw,t00,1,0,512,256,576,7679
raw,t01,4,0,128,64,144,1919
raw,t01,4,1,128,64,144,1920
raw,t01,4,2,128,64,144,1921
raw,t01,4,3,128,64,144,1919
raw,t02,2,0,256,128,288,3837
raw,t02,2,1,256,128,288,3839
raw,t03,1,0,512,256,576,7679
raw,t04,4,0,128,64,144,1919
raw,t04,4,1,128,64,144,1918
raw,t04,4,2,128,64,144,1920
raw,t04,4,3,128,64,144,1919
raw,t05,2,0,256,128,288,3845
raw,t05,2,1,256,128,288,3839
raw,t06,2,0,256,128,288,3841
raw,t06,2,1,256,128,288,3840
raw,t07,4,0,128,64,144,1918
raw,t07,4,1,128,64,144,1918
raw,t07,4,2,128,64,144,1918
raw,t07,4,3,128,64,144,1919
raw,t08,1,0,512,256,576,7681
raw,t09,2,0,256,128,288,3843
raw,t09,2,1,256,128,288,3840
raw,t10,4,0,128,64,144,1919
raw,t10,4,1,128,64,144,1919
raw,t10,4,2,128,64,144,1919
raw,t10,4,3,128,64,144,1919
raw,t11,1,0,512,256,576,7682
raw,t00,1,0,512,256,576,7676
raw,t01,4,0,128,64,144,1919
raw,t01,4,1,128,64,144,1921
raw,t01,4,2,128,64,144,1919
raw,t01,4,3,128,64,144,1919
raw,t02,2,0,256,128,288,3839
raw,t02,2,1,256,128,288,3835
raw,t03,1,0,512,256,576,7680
raw,t04,4,0,128,64,144,1918
raw,t04,4,1,128,64,144,1919
raw,t04,4,2,128,64,144,1919
raw,t04,4,3,128,64,144,1919
raw,t05,2,0,256,128,288,3842
raw,t05,2,1,256,128,288,3839
raw,t06,2,0,256,128,288,3839
raw,t06,2,1,256,128,288,3838
raw,t07,4,0,128,64,144,1919
raw,t07,4,1,128,64,144,1919
raw,t07,4,2,128,64,144,1919
raw,t07,4,3,128,64,144,1919
raw,t08,1,0,512,256,576,7685
raw,t09,2,0,256,128,288,3840
raw,t09,2,1,256,128,288,3841
raw,t10,4,0,128,64,144,1919
raw,t10,4,1,128,64,144,1919
raw,t10,4,2,128,64,144,1919
raw,t10,4,3,128,64,144,1921
raw,t11,1,0,512,256,576,7681
raw,t00,1,0,512,256,576,7678
raw,t01,4,0,128,64,144,1919
raw,t01,4,1,128,64,144,1919
raw,t01,4,2,128,64,144,1919
raw,t01,4,3,128,64,144,1919
raw,t02,2,0,256,128,288,3840
raw,t02,2,1,256,128,288,3837
raw,t03,1,0,512,256,576,7686
raw,t04,4,0,128,64,144,1919
raw,t04,4,1,128,64,144,1920
raw,t04,4,2,128,64,144,1920
raw,t04,4,3,128,64,144,1919
raw,t05,2,0,256,128,288,3837
raw,t05,2,1,256,128,288,3839
raw,t06,2,0,256,128,288,3839
raw,t06,2,1,256,128,288,3837
raw,t07,4,0,128,64,144,1919
raw,t07,4,1,128,64,144,1919
raw,t07,4,2,128,64,144,1918
raw,t07,4,3,128,64,144,1920
raw,t08,1,0,512,256,576,7680
raw,t09,2,0,256,128,288,3841
raw,t09,2,1,256,128,288,3836
raw,t10,4,0,128,64,144,1919
raw,t10,4,1,128,64,144,1919
raw,t10,4,2,128,64,144,1919
raw,t10,4,3,128,64,144,1918
raw,t11,1,0,512,256,576,7680
raw,t00,1,0,128,64,144,1918
raw,t01,4,0,32,16,36,479
raw,t01,4,1,32,16,36,479
raw,t01,4,2,32,16,36,479
raw,t01,4,3,32,16,36,479
raw,t02,2,0,64,32,72,958
raw,t02,2,1,64,32,72,958
raw,t03,1,0,128,64,144,1919
raw,t04,4,0,32,16,36,479
raw,t04,4,1,32,16,36,479
raw,t04,4,2,32,16,36,479
raw,t04,4,3,32,16,36,479
raw,t05,2,0,64,32,72,959
raw,t05,2,1,64,32,72,958
raw,t06,2,0,64,32,72,960
raw,t06,2,1,64,32,72,959
raw,t07,4,0,32,16,36,480
raw,t07,4,1,32,16,36,479
raw,t07,4,2,32,16,36,480
raw,t07,4,3,32,16,36,480
raw,t08,1,0,128,64,144,1918
raw,t09,2,0,64,32,72,959
raw,t09,2,1,64,32,72,961
raw,t10,4,0,32,16,36,479
raw,t10,4,1,32,16,36,479
raw,t10,4,2,32,16,36,480
raw,t10,4,3,32,16,36,479
raw,t11,1,0,128,64,144,1919
raw,t00,1,0,256,128,288,3841
raw,t01,4,0,64,32,72,959
raw,t01,4,1,64,32,72,958
raw,t01,4,2,64,32,72,960
raw,t01,4,3,64,32,72,959
raw,t02,2,0,128,64,144,1919
raw,t02,2,1,128,64,144,1919
raw,t03,1,0,256,128,288,3844
raw,t04,4,0,64,32,72,959
raw,t04,4,1,64,32,72,959
raw,t04,4,2,64,32,72,959
raw,t04,4,3,64,32,72,959
raw,t05,2,0,128,64,144,1919
raw,t05,2,1,128,64,144,1921
raw,t06,2,0,128,64,144,1922
raw,t06,2,1,128,64,144,1919
raw,t07,4,0,64,32,72,960
raw,t07,4,1,64,32,72,960
raw,t07,4,2,64,32,72,959
raw,t07,4,3,64,32,72,959
raw,t08,1,0,256,128,288,3843
raw,t09,2,0,128,64,144,1919
raw,t09,2,1,128,64,144,1922
raw,t10,4,0,64,32,72,959
raw,t10,4,1,64,32,72,959
raw,t10,4,2,64,32,72,958
raw,t10,4,3,64,32,72,959
raw,t11,1,0,256,128,288,3842
raw,t00,2,0,512,256,576,7676
raw,t00,2,1,512,256,576,7676
raw,t01,4,0,256,128,288,3839
raw,t01,4,1,256,128,288,3840
raw,t01,4,2,256,128,288,3843
raw,t01,4,3,256,128,288,3839
raw,t02,2,0,512,256,576,7674
raw,t02,2,1,512,256,576,7679
raw,t03,4,0,256,128,288,3841
raw,t03,4,1,256,128,288,3839
raw,t03,4,2,256,128,288,3839
raw,t03,4,3,256,128,288,3839
raw,t04,4,0,256,128,288,3839
raw,t04,4,1,256,128,288,3840
raw,t04,4,2,256,128,288,3839
raw,t04,4,3,256,128,288,3840
raw,t05,2,0,512,256,576,7679
raw,t05,2,1,512,256,576,7685
raw,t06,4,0,256,128,288,3835
raw,t06,4,1,256,128,288,3839
raw,t06,4,2,256,128,288,3838
raw,t06,4,3,256,128,288,3844
raw,t07,2,0,512,256,576,7680
raw,t07,2,1,512,256,576,7679
