snapshot,vm_rss_kib,vm_hwm_kib
added_sql-1--1-0-memory.txt,620992,737044
added_sql-1-0-0-memory.txt,593472,737044
added_sql-1-1-0-memory.txt,606824,737044
added_sql-1-2-0-memory.txt,579024,737044
added_sql-2--1-0-memory.txt,549968,614636
added_sql-2--1-1-memory.txt,504684,626976
added_sql-2-0-0-memory.txt,520036,614636
added_sql-2-0-1-memory.txt,471712,626976
added_sql-2-1-0-memory.txt,450212,614636
added_sql-2-1-1-memory.txt,514912,626976
added_sql-2-2-0-memory.txt,527600,614636
added_sql-2-2-1-memory.txt,444000,626976
added_sql-4--1-0-memory.txt,507216,657172
added_sql-4--1-1-memory.txt,420272,614096
added_sql-4--1-2-memory.txt,439600,614548
added_sql-4--1-3-memory.txt,415312,681152
added_sql-4-0-0-memory.txt,518036,657172
added_sql-4-0-1-memory.txt,427696,614096
added_sql-4-0-2-memory.txt,426564,614548
added_sql-4-0-3-memory.txt,492916,681152
added_sql-4-1-0-memory.txt,526816,657172
added_sql-4-1-1-memory.txt,430740,614096
added_sql-4-1-2-memory.txt,471460,614548
added_sql-4-1-3-memory.txt,426856,681152
added_sql-4-2-0-memory.txt,485940,657172
added_sql-4-2-1-memory.txt,512260,614096
added_sql-4-2-2-memory.txt,434168,614548
added_sql-4-2-3-memory.txt,455452,681152
fixed_sql-1--1-0-memory.txt,671736,671736
fixed_sql-1-0-0-memory.txt,581612,694548
fixed_sql-1-1-0-memory.txt,592448,694548
fixed_sql-1-2-0-memory.txt,595804,694548
fixed_sql-2--1-0-memory.txt,434192,615108
fixed_sql-2--1-1-memory.txt,466520,624904
fixed_sql-2-0-0-memory.txt,493128,615108
fixed_sql-2-0-1-memory.txt,453892,624904
fixed_sql-2-1-0-memory.txt,561728,615108
fixed_sql-2-1-1-memory.txt,519716,624904
fixed_sql-2-2-0-memory.txt,527872,615108
fixed_sql-2-2-1-memory.txt,441764,624904
fixed_sql-4--1-0-memory.txt,462348,623764
fixed_sql-4--1-1-memory.txt,494492,634068
fixed_sql-4--1-2-memory.txt,454948,656860
fixed_sql-4--1-3-memory.txt,417328,641900
fixed_sql-4-0-0-memory.txt,507428,623764
fixed_sql-4-0-1-memory.txt,428368,634068
fixed_sql-4-0-2-memory.txt,421564,656860
fixed_sql-4-0-3-memory.txt,424632,641900
fixed_sql-4-1-0-memory.txt,511948,623764
fixed_sql-4-1-1-memory.txt,449600,634068
fixed_sql-4-1-2-memory.txt,501280,656860
fixed_sql-4-1-3-memory.txt,428632,641900
fixed_sql-4-2-0-memory.txt,515352,623764
fixed_sql-4-2-1-memory.txt,473564,634068
fixed_sql-4-2-2-memory.txt,428724,656860
fixed_sql-4-2-3-memory.txt,431076,641900
