run,phase,attempts,successes,aborted,attempts_per_second,p50_ms,p95_ms,p99_ms
fixed_sql-1,mixed,288,288,0,165.847,32.757,101.128,118.833
fixed_sql-1,contended,24,3,21,90.006,81.78,88.245,91.308
fixed_sql-2,mixed,288,288,0,167.323,35.991,109.965,116.203
fixed_sql-2,contended,24,3,21,88.168,84.596,102.53,102.788
fixed_sql-4,mixed,288,288,0,151.164,50.242,123.116,138.641
fixed_sql-4,contended,24,3,21,82.861,90.024,103.615,105.089
added_sql-1,mixed,288,288,0,159.403,31.398,119.555,139.81
added_sql-1,contended,24,3,21,82.94,86.8,108.941,113.276
added_sql-2,mixed,288,288,0,156.818,35.656,115.945,129.431
added_sql-2,contended,24,3,21,90.444,84.311,91.836,92.196
added_sql-4,mixed,288,288,0,150.725,32.235,119.648,141.727
added_sql-4,contended,24,3,21,91.204,85.673,88.102,88.246
