unscoped,provider_put,DocumentPartTransfer.upload,192,7804733048,0
publish,sql_usage,DocumentPublicationCommit.commitInternal,144,6514000000,0
publish,sql_usage,DocumentSelectedAttemptLedger.renew,432,2705000000,0
publish,sql_usage,DocumentOperationUploadAdmission.stage,144,1954000000,0
read,sql_usage,DocumentReadLedger.captureHistorical,192,1863000000,0
publish,sql_usage,DocumentPublicationRegistration.admitInitial,144,1728000000,0
read,sql_usage,DocumentReadLedger$PinnedHistory.authorizeDelivery,576,1712000000,0
reject,sql_usage,DocumentAssessmentCreation.createInternal,48,1695000000,0
publish,sql_usage,RepositoryOperationLedger.renew,288,1614000000,0
publish,sql_usage,DocumentOperationUploadAdmission.captureReads,288,1594000000,0
unscoped,sql_usage,DocumentSelectedAttemptLedger.verifyBatch,192,1492000000,0
reject,sql_usage,DocumentAssessmentReconciliation.observeRetained,48,1478000000,0
publish,sql_usage,RepositorySchemaArtifacts.stage,144,1388000000,0
read,sql_usage,DocumentHistoricalSchemas.check,192,1354000000,0
publish,sql_usage,DocumentPublicationModesJournal.requireObservedModes,288,1093000000,0
publish,sql_usage,DocumentPublicationPreparationJournal.load,288,936000000,0
replay,sql_usage,DocumentPublicationReplay.observe,192,934000000,0
unscoped,provider_getBounded,outside_ledger,240,866244648,0
reject,sql_usage,DocumentAssessmentDeliveryAuthorization.check,192,865000000,0
publish,sql_usage,DocumentPublicationModesJournal.loadRetained,288,863000000,0
reject,sql_usage,DocumentPublicationModesJournal.loadRetained,288,859000000,0
reject,sql_usage,DocumentPublicationPreparationJournal.load,288,827000000,0
reject,sql_usage,DocumentSelectedAttemptLedger.renew,144,819000000,0
unscoped,sql_usage,DocumentReadPins.finish,192,731000000,0
publish,sql_usage,DocumentOperationUploadAdmission.recheckInitialSelections,144,681000000,0
read,sql_usage,DocumentHistoricalSchemas.authorize,192,669000000,0
reject,sql_usage,DocumentPublicationModesJournal.requireObservedModes,192,636000000,0
unscoped,provider_getBounded,DocumentPartTransfer.upload,192,559303309,0
reject,sql_usage,DocumentOperationUploadAdmission.stage,48,556000000,0
reject,sql_usage,RepositoryOperationLedger.renew,96,509000000,0
reject,sql_usage,DocumentOperationUploadAdmission.captureReads,96,491000000,0
reject,sql_usage,RepositorySchemaArtifacts.stage,48,487000000,0
reject,sql_usage,DocumentAssessmentRejections.decide,48,454000000,0
reject,sql_usage,DocumentPublicationRegistration.admitInitial,48,445000000,0
reject,sql_usage,DocumentAssessmentStartJournal.startRetained,48,317000000,0
reject,sql_usage,DocumentAssessmentDiscovery.discover,48,294000000,0
reject,sql_usage,DocumentPublicationReplay.observe,192,265000000,0
reject,sql_usage,DocumentAssessmentCreation.lambda$createInternal$0,48,203000000,0
reject,sql_usage,DocumentOperationUploadAdmission.recheckInitialSelections,48,199000000,0
publish,sql_usage,DocumentSchemaPolicies.read,144,135000000,0
publish,sql_usage,DocumentPublicationRegistration.preflight,144,124000000,0
publish,sql_usage,DocumentPublicationReplay.observe,288,113000000,0
reject,sql_usage,DocumentPublicationRegistration.preflight,96,82000000,0
unscoped,sql_usage,DocumentAssessmentReadProtection.finish,31,79000000,0
reject,sql_usage,DocumentSchemaPolicies.read,48,18000000,0
reject,sql_usage,DocumentAssessmentReplayInputs.lambda$artifacts$1,48,8000000,0
unscoped,sql_acquire,DocumentSelectedAttemptLedger.verifyBatch,192,6007294,0
read,sql_acquire,DocumentReadLedger.captureHistorical,192,5993329,0
reject,sql_usage,DocumentAssessmentReplayInputs.lambda$roots$1,48,5000000,0
unscoped,sql_acquire,DocumentReadPins.finish,192,4018037,0
reject,sql_usage,DocumentAssessmentReplayInputs.lambda$policy$0,48,3000000,0
read,sql_acquire,DocumentReadLedger$PinnedHistory.authorizeDelivery,576,2675279,0
publish,sql_acquire,DocumentSelectedAttemptLedger.renew,432,1809799,0
read,sql_acquire,DocumentHistoricalSchemas.authorize,192,1429742,0
publish,sql_acquire,DocumentOperationUploadAdmission.captureReads,288,1168398,0
publish,sql_acquire,DocumentPublicationReplay.observe,288,1011457,0
reject,sql_usage,DocumentAssessmentReplayInputs.lambda$read$0,48,1000000,0
reject,sql_usage,DocumentAssessmentReplayInputs.lambda$read$1,48,1000000,0
publish,sql_acquire,RepositoryOperationLedger.renew,288,986398,0
replay,sql_acquire,DocumentPublicationReplay.observe,192,883145,0
publish,sql_acquire,DocumentPublicationPreparationJournal.load,288,879993,0
reject,sql_acquire,DocumentPublicationPreparationJournal.load,288,767583,0
reject,sql_acquire,DocumentSelectedAttemptLedger.renew,144,750817,0
publish,sql_acquire,DocumentPublicationModesJournal.requireObservedModes,288,745117,0
publish,sql_acquire,RepositorySchemaArtifacts.stage,144,709803,0
publish,sql_acquire,DocumentPublicationModesJournal.loadRetained,288,652691,0
read,sql_acquire,DocumentHistoricalSchemas.check,192,652115,0
reject,sql_acquire,DocumentPublicationReplay.observe,192,605794,0
reject,sql_acquire,DocumentPublicationModesJournal.loadRetained,288,603623,0
reject,sql_acquire,DocumentAssessmentDeliveryAuthorization.check,192,581897,0
publish,sql_acquire,DocumentPublicationCommit.commitInternal,144,512679,0
publish,sql_acquire,DocumentOperationUploadAdmission.recheckInitialSelections,144,468230,0
publish,sql_acquire,DocumentSchemaPolicies.read,144,458503,0
publish,sql_acquire,DocumentOperationUploadAdmission.stage,144,444983,0
unscoped,sql_acquire,DocumentAssessmentReadProtection.finish,29,424796,0
reject,sql_acquire,DocumentPublicationModesJournal.requireObservedModes,192,406056,0
publish,sql_acquire,DocumentPublicationRegistration.admitInitial,144,386638,0
publish,sql_acquire,DocumentPublicationRegistration.preflight,144,384238,0
reject,sql_acquire,RepositoryOperationLedger.renew,96,291170,0
reject,sql_acquire,DocumentPublicationRegistration.preflight,96,274745,0
reject,sql_acquire,DocumentOperationUploadAdmission.captureReads,96,267082,0
reject,sql_acquire,RepositorySchemaArtifacts.stage,48,240564,0
reject,sql_acquire,DocumentAssessmentRejections.decide,48,162493,0
reject,sql_acquire,DocumentOperationUploadAdmission.recheckInitialSelections,48,133577,0
reject,sql_acquire,DocumentAssessmentReplayInputs.lambda$read$0,48,130185,0
reject,sql_acquire,DocumentAssessmentReconciliation.observeRetained,48,129688,0
reject,sql_acquire,DocumentAssessmentCreation.createInternal,48,116270,0
reject,sql_acquire,DocumentAssessmentDiscovery.discover,48,114126,0
reject,sql_acquire,DocumentSchemaPolicies.read,48,113823,0
reject,sql_acquire,DocumentAssessmentCreation.lambda$createInternal$0,48,112887,0
reject,sql_acquire,DocumentAssessmentReplayInputs.lambda$policy$0,48,107252,0
reject,sql_acquire,DocumentAssessmentStartJournal.startRetained,48,93517,0
reject,sql_acquire,DocumentOperationUploadAdmission.stage,48,92767,0
reject,sql_acquire,DocumentPublicationRegistration.admitInitial,48,73857,0
reject,sql_acquire,DocumentAssessmentReplayInputs.lambda$policy$1,48,72308,0
reject,sql_acquire,DocumentAssessmentReplayInputs.lambda$read$1,48,71419,0
reject,sql_acquire,DocumentAssessmentReplayInputs.lambda$roots$0,48,62974,0
reject,sql_acquire,DocumentAssessmentReplayInputs.lambda$artifacts$0,48,55623,0
reject,sql_acquire,DocumentAssessmentReplayInputs.lambda$artifacts$1,48,45017,0
reject,sql_acquire,DocumentAssessmentReplayInputs.lambda$roots$1,48,44695,0
reject,sql_usage,DocumentAssessmentReplayInputs.lambda$artifacts$0,48,0,0
reject,sql_usage,DocumentAssessmentReplayInputs.lambda$policy$1,48,0,0
reject,sql_usage,DocumentAssessmentReplayInputs.lambda$roots$0,48,0,0
