variant,run,polls,waiter_observations,archive_stats_waiter_observations,observations_with_blocker,mixed_requests,mixed_seconds,mixed_requests_per_second
before,added_sql-1,350,61,61,58,1152,4.377707341,263.15144212834673
before,added_sql-2,323,258,258,257,1152,4.166366347,276.4999292079775
before,added_sql-4,324,706,705,700,1152,4.318562512,266.7554300300007
before,fixed_sql-1,336,370,370,363,1152,4.428703136,260.1212961500249
before,fixed_sql-2,307,221,221,219,1152,3.89300109,295.915663357803
before,fixed_sql-4,342,225,225,218,1152,4.429722052,260.0614635583912
after,added_sql-1,328,28,28,26,1152,4.113918759,280.02497557341775
after,added_sql-2,310,170,170,168,1152,4.027586329,286.0273885888443
after,added_sql-4,317,532,532,527,1152,4.275741398,269.4269584542353
after,fixed_sql-1,309,329,329,325,1152,3.917561702,294.0604609780311
after,fixed_sql-2,319,170,170,165,1152,4.2079817,273.76544912255673
after,fixed_sql-4,348,171,171,168,1152,4.580380498,251.50748949852854
