journaled,replicas,pool_per_replica,windows,operations,ops_per_second,kind,samples,mean_ms,p50_ms,p95_ms
true,1,8,4,128,27.16,publish,48,203.29,202.04,229.34
true,1,8,4,128,27.16,read,64,36.51,34.23,51.60
true,1,8,4,128,27.16,reject,16,328.95,333.02,374.52
true,4,8,2,64,18.38,publish,24,289.26,283.02,351.59
true,4,8,2,64,18.38,read,32,54.44,51.78,79.25
true,4,8,2,64,18.38,reject,8,484.30,487.06,544.52
true,2,4,2,64,24.33,publish,24,224.52,223.60,274.90
true,2,4,2,64,24.33,read,32,42.63,41.24,51.03
true,2,4,2,64,24.33,reject,8,394.09,391.47,429.28
true,4,2,2,64,19.63,publish,24,281.45,267.69,332.33
true,4,2,2,64,19.63,read,32,53.37,50.89,70.48
true,4,2,2,64,19.63,reject,8,450.85,438.75,508.66
true,2,8,2,64,23.78,publish,24,232.66,231.63,267.78
true,2,8,2,64,23.78,read,32,43.93,43.39,55.24
true,2,8,2,64,23.78,reject,8,360.41,352.28,390.83
false,1,8,4,128,32.56,publish,48,166.39,162.13,198.96
false,1,8,4,128,32.56,read,64,37.87,37.93,50.24
false,1,8,4,128,32.56,reject,16,266.22,266.03,301.13
false,4,8,2,64,22.07,publish,24,233.82,231.55,279.20
false,4,8,2,64,22.07,read,32,54.92,54.19,68.69
false,4,8,2,64,22.07,reject,8,348.11,334.47,385.42
false,2,4,2,64,24.06,publish,24,223.61,217.58,267.29
false,2,4,2,64,24.06,read,32,49.21,44.46,65.01
false,2,4,2,64,24.06,reject,8,322.75,303.17,360.91
false,4,2,2,64,20.91,publish,24,254.53,252.38,292.30
false,4,2,2,64,20.91,read,32,58.41,57.75,84.54
false,4,2,2,64,20.91,reject,8,367.83,372.25,413.33
false,2,8,2,64,26.86,publish,24,199.91,196.86,233.45
false,2,8,2,64,26.86,read,32,43.81,42.29,53.88
false,2,8,2,64,26.86,reject,8,304.62,311.59,323.30
