journaled,replicas,pool_per_replica,metric,count,nanos,failures
true,1,8,provider_getBounded,144,391709572,0
true,1,8,provider_put,64,2167002017,0
true,1,8,sql_acquire,2484,6028975,0
true,1,8,sql_usage,2486,11511000000,0
true,4,8,provider_getBounded,72,290021501,0
true,4,8,provider_put,32,1562179508,0
true,4,8,sql_acquire,1234,11387007,0
true,4,8,sql_usage,1234,8638000000,0
true,2,4,provider_getBounded,72,250088727,0
true,2,4,provider_put,32,1472520302,0
true,2,4,sql_acquire,1238,5209579,0
true,2,4,sql_usage,1239,6466000000,0
true,4,2,provider_getBounded,72,279709520,0
true,4,2,provider_put,32,1610493976,0
true,4,2,sql_acquire,1235,9276400,0
true,4,2,sql_usage,1236,8096000000,0
true,2,8,provider_getBounded,72,241639019,0
true,2,8,provider_put,32,1192482116,0
true,2,8,sql_acquire,1234,5542445,0
true,2,8,sql_usage,1235,6543000000,0
false,1,8,provider_getBounded,144,391922259,0
false,1,8,provider_put,64,2500286865,0
false,1,8,sql_acquire,1817,5440064,0
false,1,8,sql_usage,1818,8947000000,0
false,4,8,provider_getBounded,72,265194517,0
false,4,8,provider_put,32,1673569739,0
false,4,8,sql_acquire,908,11471853,0
false,4,8,sql_usage,908,6692000000,0
false,2,4,provider_getBounded,72,233722081,0
false,2,4,provider_put,32,1656462946,0
false,2,4,sql_acquire,907,6545725,0
false,2,4,sql_usage,907,6203000000,0
false,4,2,provider_getBounded,72,286012619,0
false,4,2,provider_put,32,1596238613,0
false,4,2,sql_acquire,907,11365209,0
false,4,2,sql_usage,907,7287000000,0
false,2,8,provider_getBounded,72,251052019,0
false,2,8,provider_put,32,1469625516,0
false,2,8,sql_acquire,910,6584528,0
false,2,8,sql_usage,911,5325000000,0
