run	module	suite	tests	skipped	failures	errors	seconds
run-red	s3	ai.protomolt.proto.repo.blob.s3.RustFsDamagedObjectReadIT	1	0	1	0	8.639
run-red	s3	ai.protomolt.proto.repo.blob.s3.S3BoundedReadFailureTest	6	0	2	0	0.861
run-red	service	ai.protomolt.proto.repo.service.ArchiveBackendGenerationHostIT	1	0	1	0	6.004
run-green	container	ai.protomolt.proto.repo.container.archive.ArchiveMetadataMigrationIT	1	0	0	0	4.363
run-green	container	ai.protomolt.proto.repo.container.archive.ArchiveMutationLedgerIT	7	0	0	0	6.867
run-green	container	ai.protomolt.proto.repo.container.archive.ArchiveStatisticsIT	12	0	0	0	4.858
run-green	container	ai.protomolt.proto.repo.container.archive.ArchiveStatisticsMigrationIT	7	0	0	0	4.681
run-green	container	ai.protomolt.proto.repo.container.ledger.ArchiveBackupQualificationIT	10	10	0	0	0.005
run-green	container	ai.protomolt.proto.repo.container.ledger.ArchiveCleanupLedgerIT	1	0	0	0	1.912
run-green	container	ai.protomolt.proto.repo.container.ledger.ArchiveExternalQuiescenceIT	2	0	0	0	2.692
run-green	container	ai.protomolt.proto.repo.container.ledger.ArchiveMetadataRevisionIT	1	0	0	0	1.925
run-green	container	ai.protomolt.proto.repo.container.ledger.ArchiveObjectLedgerIT	2	0	0	0	1.861
run-green	container	ai.protomolt.proto.repo.container.ledger.ArchivePublicationBindingIT	5	0	0	0	2.929
run-green	container	ai.protomolt.proto.repo.container.ledger.ArchiveReadCallIT	4	0	0	0	1.815
run-green	container	ai.protomolt.proto.repo.container.ledger.ArchiveReaderIncarnationIT	7	0	0	0	3.001
run-green	container	ai.protomolt.proto.repo.container.ledger.ArchiveReaderLockMigrationIT	1	0	0	0	2.84
run-green	container	ai.protomolt.proto.repo.container.ledger.ArchiveReadQuiescenceIT	8	0	0	0	3.857
run-green	container	ai.protomolt.proto.repo.container.ledger.ArchiveRetainedRevisionIT	4	0	0	0	2.006
run-green	container	ai.protomolt.proto.repo.container.ledger.ArchiveRetentionConcurrencyIT	18	0	0	0	4.758
run-green	container	ai.protomolt.proto.repo.container.ledger.ArchiveRevisionMigrationIT	1	0	0	0	1.843
run-green	container	ai.protomolt.proto.repo.container.ledger.ArchiveUploadLedgerIT	3	0	0	0	1.895
run-green	container	ai.protomolt.proto.repo.container.ledger.DocumentPublicationCommitIT	1	0	0	0	11.402
run-green	container	ai.protomolt.proto.repo.container.ledger.DocumentRuntimeClasspathTest	1	0	0	0	0.052
run-green	container	ai.protomolt.proto.repo.container.ledger.DocumentRuntimeInventoryTest	1	0	0	0	0.298
run-green	container	ai.protomolt.proto.repo.container.ledger.HistoricalReadFailureIT	2	0	0	0	24.378
run-green	container	ai.protomolt.proto.repo.container.ledger.PhysicalLocationMigrationIT	2	0	0	0	2.048
run-green	engine	ai.protomolt.proto.repo.engine.HistoricalReadFailureTest	7	0	0	0	0.054
run-green	s3	ai.protomolt.proto.repo.blob.s3.RustFsConditionalBlobStoreIT	3	0	0	0	5.588
run-green	s3	ai.protomolt.proto.repo.blob.s3.RustFsDamagedObjectReadIT	1	0	0	0	9.559
run-green	s3	ai.protomolt.proto.repo.blob.s3.S3BackendIdentityTest	4	0	0	0	0.009
run-green	s3	ai.protomolt.proto.repo.blob.s3.S3BlobStoreIT	11	0	0	0	6.751
run-green	s3	ai.protomolt.proto.repo.blob.s3.S3BoundedReadFailureTest	6	0	1	0	0.879
run-green	s3	ai.protomolt.proto.repo.blob.s3.S3BoundedReadIT	4	0	0	0	6.1
run-green	s3	ai.protomolt.proto.repo.blob.s3.S3BoundedReadStreamTest	5	0	1	0	0.026
run-green	s3	ai.protomolt.proto.repo.blob.s3.S3ConditionalReadBoundTest	5	0	0	0	0.006
run-green	s3	ai.protomolt.proto.repo.blob.s3.S3LocalStackConditionalIT	6	0	0	0	3.02
run-green	s3	ai.protomolt.proto.repo.blob.s3.S3NamespaceProvisionerIT	3	0	0	0	3.12
run-green	s3	ai.protomolt.proto.repo.blob.s3.S3ObjectReclaimerIT	7	0	0	0	7.068
run-green	s3	ai.protomolt.proto.repo.blob.s3.S3ProviderLifecycleTest	4	0	0	0	0.516
run-green	s3	ai.protomolt.proto.repo.blob.s3.S3ProviderTest	17	0	0	0	1.549
run-green	s3	ai.protomolt.proto.repo.blob.s3.S3ReadFailureTest	13	0	0	0	2.604
run-green	service	ai.protomolt.proto.repo.service.ArchiveBackendGenerationHostIT	1	0	0	0	7.028
run-green	service	ai.protomolt.proto.repo.service.ArchiveBridgeIT	14	0	0	0	6.421
run-green	service	ai.protomolt.proto.repo.service.ArchiveCatalogIT	4	0	0	0	11.262
run-green	service	ai.protomolt.proto.repo.service.ArchiveClassificationIT	10	0	0	0	6.219
run-green	service	ai.protomolt.proto.repo.service.ArchiveDeletionFailureIT	9	0	0	0	11.846
run-green	service	ai.protomolt.proto.repo.service.ArchiveManagedUploadIT	32	0	0	0	8.31
run-green	service	ai.protomolt.proto.repo.service.ArchiveReadBenchmarkIT	1	1	0	0	0.0
run-green	service	ai.protomolt.proto.repo.service.ArchiveReadLifetimeIT	5	0	0	0	6.125
run-green	service	ai.protomolt.proto.repo.service.ArchiveServiceIT	25	0	0	0	22.236
run-green	service	ai.protomolt.proto.repo.service.ArchiveWorkflowsTest	4	0	0	0	0.441
run-green	service	ai.protomolt.proto.repo.service.BoundedArchiveHostIT	6	0	0	0	3.118
run-green	service	ai.protomolt.proto.repo.service.BoundedArchiveOptionsTest	4	0	0	0	0.003
run-green	service	ai.protomolt.proto.repo.service.BoundedArchiveProcessIT	5	0	0	0	337.678
run-green	service	ai.protomolt.proto.repo.service.BoundedArchiveRedisReplyIT	2	0	0	0	302.645
run-green	service	ai.protomolt.proto.repo.service.BoundedArchiveTransportIT	15	0	0	0	15.534
run-green	service	ai.protomolt.proto.repo.service.consumer.BoundedArchiveEmbeddingIT	1	0	0	0	2.177
run-green	service	ai.protomolt.proto.repo.service.HistoricalReadFailureHostIT	1	0	0	0	6.748
run-green	service	ai.protomolt.proto.repo.service.ManagedArchiveHostIT	3	0	0	0	11.702
run-green	service	ai.protomolt.proto.repo.service.ManagedArchiveReadShutdownIT	5	0	0	0	15.073
run-green	service	ai.protomolt.proto.repo.service.ReaderHostCompositionIT	1	0	0	0	3.785
run-green	service	ai.protomolt.proto.repo.service.RedisArchiveLifecycleIT	16	0	0	0	2.505
run-green	service	ai.protomolt.proto.repo.service.RepoBoundedArchiveMainTest	5	0	0	0	0.005
run-adapter-units	s3	ai.protomolt.proto.repo.blob.s3.S3BoundedReadFailureTest	6	0	0	0	0.831
run-adapter-units	s3	ai.protomolt.proto.repo.blob.s3.S3BoundedReadStreamTest	5	0	0	0	0.114
run-adapter-units	s3	ai.protomolt.proto.repo.blob.s3.S3ReadFailureTest	13	0	0	0	2.829
run-final-green	container	ai.protomolt.proto.repo.container.archive.ArchiveMetadataMigrationIT	1	0	0	0	4.339
run-final-green	container	ai.protomolt.proto.repo.container.archive.ArchiveMutationLedgerIT	7	0	0	0	6.737
run-final-green	container	ai.protomolt.proto.repo.container.archive.ArchiveStatisticsIT	12	0	0	0	4.619
run-final-green	container	ai.protomolt.proto.repo.container.archive.ArchiveStatisticsMigrationIT	7	0	0	0	4.895
run-final-green	container	ai.protomolt.proto.repo.container.ledger.ArchiveBackupQualificationIT	10	10	0	0	0.006
run-final-green	container	ai.protomolt.proto.repo.container.ledger.ArchiveCleanupLedgerIT	1	0	0	0	1.842
run-final-green	container	ai.protomolt.proto.repo.container.ledger.ArchiveExternalQuiescenceIT	2	0	0	0	2.501
run-final-green	container	ai.protomolt.proto.repo.container.ledger.ArchiveMetadataRevisionIT	1	0	0	0	1.873
run-final-green	container	ai.protomolt.proto.repo.container.ledger.ArchiveObjectLedgerIT	2	0	0	0	1.855
run-final-green	container	ai.protomolt.proto.repo.container.ledger.ArchivePublicationBindingIT	5	0	0	0	2.912
run-final-green	container	ai.protomolt.proto.repo.container.ledger.ArchiveReadCallIT	4	0	0	0	1.811
run-final-green	container	ai.protomolt.proto.repo.container.ledger.ArchiveReaderIncarnationIT	7	0	0	0	2.987
run-final-green	container	ai.protomolt.proto.repo.container.ledger.ArchiveReaderLockMigrationIT	1	0	0	0	2.826
run-final-green	container	ai.protomolt.proto.repo.container.ledger.ArchiveReadQuiescenceIT	8	0	0	0	3.981
run-final-green	container	ai.protomolt.proto.repo.container.ledger.ArchiveRetainedRevisionIT	4	0	0	0	2.102
run-final-green	container	ai.protomolt.proto.repo.container.ledger.ArchiveRetentionConcurrencyIT	18	0	0	0	4.73
run-final-green	container	ai.protomolt.proto.repo.container.ledger.ArchiveRevisionMigrationIT	1	0	0	0	1.715
run-final-green	container	ai.protomolt.proto.repo.container.ledger.ArchiveUploadLedgerIT	3	0	0	0	1.826
run-final-green	container	ai.protomolt.proto.repo.container.ledger.DocumentPublicationCommitIT	1	0	0	0	12.445
run-final-green	container	ai.protomolt.proto.repo.container.ledger.DocumentRuntimeClasspathTest	1	0	0	0	0.051
run-final-green	container	ai.protomolt.proto.repo.container.ledger.DocumentRuntimeInventoryTest	1	0	0	0	0.353
run-final-green	container	ai.protomolt.proto.repo.container.ledger.HistoricalReadFailureIT	2	0	0	0	23.973
run-final-green	container	ai.protomolt.proto.repo.container.ledger.PhysicalLocationMigrationIT	2	0	0	0	1.897
run-final-green	s3	ai.protomolt.proto.repo.blob.s3.RustFsConditionalBlobStoreIT	3	0	0	0	2.502
run-final-green	s3	ai.protomolt.proto.repo.blob.s3.RustFsDamagedObjectReadIT	1	0	0	0	9.456
run-final-green	s3	ai.protomolt.proto.repo.blob.s3.S3BackendIdentityTest	4	0	0	0	0.01
run-final-green	s3	ai.protomolt.proto.repo.blob.s3.S3BlobStoreIT	11	0	0	0	7.143
run-final-green	s3	ai.protomolt.proto.repo.blob.s3.S3BoundedReadFailureTest	6	0	0	0	0.573
run-final-green	s3	ai.protomolt.proto.repo.blob.s3.S3BoundedReadIT	4	0	0	0	3.864
run-final-green	s3	ai.protomolt.proto.repo.blob.s3.S3BoundedReadStreamTest	5	0	0	0	0.027
run-final-green	s3	ai.protomolt.proto.repo.blob.s3.S3ConditionalReadBoundTest	5	0	0	0	0.009
run-final-green	s3	ai.protomolt.proto.repo.blob.s3.S3LocalStackConditionalIT	6	0	0	0	2.908
run-final-green	s3	ai.protomolt.proto.repo.blob.s3.S3NamespaceProvisionerIT	3	0	0	0	4.667
run-final-green	s3	ai.protomolt.proto.repo.blob.s3.S3ObjectReclaimerIT	7	0	0	0	6.99
run-final-green	s3	ai.protomolt.proto.repo.blob.s3.S3ProviderLifecycleTest	4	0	0	0	0.258
run-final-green	s3	ai.protomolt.proto.repo.blob.s3.S3ProviderTest	17	0	0	0	1.565
run-final-green	s3	ai.protomolt.proto.repo.blob.s3.S3ReadFailureTest	13	0	0	0	2.633
run-final-green	service	ai.protomolt.proto.repo.service.ArchiveBackendGenerationHostIT	1	0	0	0	6.679
run-final-green	service	ai.protomolt.proto.repo.service.ArchiveBridgeIT	14	0	0	0	11.045
run-final-green	service	ai.protomolt.proto.repo.service.ArchiveCatalogIT	4	0	0	0	7.305
run-final-green	service	ai.protomolt.proto.repo.service.ArchiveClassificationIT	10	0	0	0	6.418
run-final-green	service	ai.protomolt.proto.repo.service.ArchiveDeletionFailureIT	9	0	0	0	11.365
run-final-green	service	ai.protomolt.proto.repo.service.ArchiveManagedUploadIT	32	0	0	0	8.217
run-final-green	service	ai.protomolt.proto.repo.service.ArchiveReadBenchmarkIT	1	1	0	0	0.0
run-final-green	service	ai.protomolt.proto.repo.service.ArchiveReadLifetimeIT	5	0	0	0	5.224
run-final-green	service	ai.protomolt.proto.repo.service.ArchiveServiceIT	25	0	0	0	21.78
run-final-green	service	ai.protomolt.proto.repo.service.ArchiveWorkflowsTest	4	0	0	0	0.419
run-final-green	service	ai.protomolt.proto.repo.service.BoundedArchiveHostIT	6	0	0	0	3.19
run-final-green	service	ai.protomolt.proto.repo.service.BoundedArchiveOptionsTest	4	0	0	0	0.004
run-final-green	service	ai.protomolt.proto.repo.service.BoundedArchiveProcessIT	5	0	0	0	337.146
run-final-green	service	ai.protomolt.proto.repo.service.BoundedArchiveRedisReplyIT	2	0	0	0	302.525
run-final-green	service	ai.protomolt.proto.repo.service.BoundedArchiveTransportIT	15	0	0	0	15.667
run-final-green	service	ai.protomolt.proto.repo.service.consumer.BoundedArchiveEmbeddingIT	1	0	0	0	2.228
run-final-green	service	ai.protomolt.proto.repo.service.HistoricalReadFailureHostIT	1	0	0	0	7.13
run-final-green	service	ai.protomolt.proto.repo.service.ManagedArchiveHostIT	3	0	0	0	11.085
run-final-green	service	ai.protomolt.proto.repo.service.ManagedArchiveReadShutdownIT	5	0	0	0	14.469
run-final-green	service	ai.protomolt.proto.repo.service.ReaderHostCompositionIT	1	0	0	0	4.286
run-final-green	service	ai.protomolt.proto.repo.service.RedisArchiveLifecycleIT	16	0	0	0	2.378
run-final-green	service	ai.protomolt.proto.repo.service.RepoBoundedArchiveMainTest	5	0	0	0	0.005
run-final-qualification	container	ai.protomolt.proto.repo.container.ledger.ArchiveBackupQualificationIT	10	0	0	0	105.693
