account	sha256	size
rehearsal-alpha-747b145a	0addbe700db2330fd2301ba876b9fb010b29016964de23f5f4324a26db606836	305
rehearsal-alpha-747b145a	12c4bf1b8b8533ca6c8a33c0d6ed58b2f2740bb09f8bc32aebc839f885cf7b17	297
rehearsal-alpha-747b145a	ba05e0e2dbc07edbac083c1be97100c9b58280235d4c124715af628a6286a9ce	20297
rehearsal-alpha-747b145a	d3c36ba5f98a0f7e178ff0e046753a20d6f4e2e1dc974a5e956750b7bd552412	114
rehearsal-alpha-747b145a	db8aea4fcd84ae465e0cce71e782532c429d9b8649c39b3ad619d7bddf03225b	319
rehearsal-alpha-747b145a	f8a213d1ec37991fc6736651cada4b85b505105ba4da5da27526301b6e8da704	21482
rehearsal-beta-747b145a	0addbe700db2330fd2301ba876b9fb010b29016964de23f5f4324a26db606836	305
rehearsal-beta-747b145a	12c4bf1b8b8533ca6c8a33c0d6ed58b2f2740bb09f8bc32aebc839f885cf7b17	297
rehearsal-beta-747b145a	ba05e0e2dbc07edbac083c1be97100c9b58280235d4c124715af628a6286a9ce	20297
rehearsal-beta-747b145a	d3c36ba5f98a0f7e178ff0e046753a20d6f4e2e1dc974a5e956750b7bd552412	114
rehearsal-beta-747b145a	db8aea4fcd84ae465e0cce71e782532c429d9b8649c39b3ad619d7bddf03225b	319
rehearsal-beta-747b145a	f8a213d1ec37991fc6736651cada4b85b505105ba4da5da27526301b6e8da704	21482
