unscoped,provider_put,DocumentPartTransfer.upload,192,8603178914,0
publish,sql_usage,DocumentPublicationCommit.commitInternal,144,6505000000,0
publish,sql_usage,DocumentSelectedAttemptLedger.renew,432,2592000000,0
publish,sql_usage,DocumentOperationUploadAdmission.stage,144,2022000000,0
read,sql_usage,DocumentReadLedger.captureHistorical,192,1936000000,0
read,sql_usage,DocumentReadLedger$PinnedHistory.authorizeDelivery,576,1811000000,0
reject,sql_usage,DocumentAssessmentCreation.createInternal,48,1748000000,0
publish,sql_usage,DocumentPublicationRegistration.admitInitial,144,1687000000,0
publish,sql_usage,RepositoryOperationLedger.renew,288,1641000000,0
publish,sql_usage,DocumentOperationUploadAdmission.captureReads,288,1531000000,0
reject,sql_usage,DocumentAssessmentReconciliation.observeRetained,48,1466000000,0
unscoped,sql_usage,DocumentSelectedAttemptLedger.verifyBatch,192,1447000000,0
read,sql_usage,DocumentHistoricalSchemas.check,192,1408000000,0
publish,sql_usage,RepositorySchemaArtifacts.stage,144,1380000000,0
publish,sql_usage,DocumentPublicationModesJournal.requireObservedModes,288,1270000000,0
replay,sql_usage,DocumentPublicationReplay.observe,192,978000000,0
reject,sql_usage,DocumentAssessmentDeliveryAuthorization.check,192,909000000,0
unscoped,provider_getBounded,outside_ledger,240,861484064,0
reject,sql_usage,DocumentSelectedAttemptLedger.renew,144,851000000,0
unscoped,sql_usage,DocumentReadPins.finish,192,756000000,0
reject,sql_usage,DocumentPublicationModesJournal.requireObservedModes,192,753000000,0
publish,sql_usage,DocumentOperationUploadAdmission.recheckInitialSelections,144,710000000,0
read,sql_usage,DocumentHistoricalSchemas.authorize,192,643000000,0
reject,sql_usage,DocumentOperationUploadAdmission.stage,48,590000000,0
unscoped,provider_getBounded,DocumentPartTransfer.upload,192,538992697,0
reject,sql_usage,RepositoryOperationLedger.renew,96,527000000,0
reject,sql_usage,RepositorySchemaArtifacts.stage,48,523000000,0
reject,sql_usage,DocumentPublicationRegistration.admitInitial,48,514000000,0
reject,sql_usage,DocumentOperationUploadAdmission.captureReads,96,483000000,0
reject,sql_usage,DocumentAssessmentRejections.decide,48,431000000,0
reject,sql_usage,DocumentAssessmentStartJournal.startRetained,48,342000000,0
reject,sql_usage,DocumentAssessmentDiscovery.discover,48,302000000,0
reject,sql_usage,DocumentPublicationModesJournal.loadRetained,96,287000000,0
reject,sql_usage,DocumentPublicationPreparationJournal.load,96,282000000,0
reject,sql_usage,DocumentPublicationReplay.observe,192,274000000,0
reject,sql_usage,DocumentAssessmentCreation.lambda$createInternal$0,48,224000000,0
reject,sql_usage,DocumentOperationUploadAdmission.recheckInitialSelections,48,212000000,0
publish,sql_usage,DocumentSchemaPolicies.read,144,132000000,0
publish,sql_usage,DocumentPublicationRegistration.preflight,144,127000000,0
unscoped,sql_usage,DocumentAssessmentReadProtection.finish,36,106000000,0
publish,sql_usage,DocumentPublicationReplay.observe,288,95000000,0
reject,sql_usage,DocumentPublicationRegistration.preflight,96,90000000,0
reject,sql_usage,DocumentSchemaPolicies.read,48,17000000,0
read,sql_acquire,DocumentReadLedger.captureHistorical,192,7086784,0
unscoped,sql_acquire,DocumentSelectedAttemptLedger.verifyBatch,192,5126022,0
reject,sql_usage,DocumentAssessmentReplayInputs.lambda$artifacts$1,48,5000000,0
unscoped,sql_acquire,DocumentReadPins.finish,192,3200137,0
read,sql_acquire,DocumentReadLedger$PinnedHistory.authorizeDelivery,576,2294903,0
publish,sql_acquire,DocumentSelectedAttemptLedger.renew,432,1862692,0
publish,sql_acquire,DocumentPublicationReplay.observe,288,1441478,0
read,sql_acquire,DocumentHistoricalSchemas.authorize,192,1210141,0
publish,sql_acquire,DocumentOperationUploadAdmission.captureReads,288,1176717,0
publish,sql_acquire,DocumentPublicationModesJournal.requireObservedModes,288,1048691,0
reject,sql_usage,DocumentAssessmentReplayInputs.lambda$artifacts$0,48,1000000,0
reject,sql_usage,DocumentAssessmentReplayInputs.lambda$policy$0,48,1000000,0
reject,sql_usage,DocumentAssessmentReplayInputs.lambda$read$0,48,1000000,0
reject,sql_usage,DocumentAssessmentReplayInputs.lambda$roots$1,48,1000000,0
publish,sql_acquire,RepositoryOperationLedger.renew,288,963870,0
reject,sql_acquire,DocumentPublicationReplay.observe,192,891054,0
replay,sql_acquire,DocumentPublicationReplay.observe,192,824136,0
publish,sql_acquire,RepositorySchemaArtifacts.stage,144,778131,0
reject,sql_acquire,DocumentAssessmentDeliveryAuthorization.check,192,765373,0
reject,sql_acquire,DocumentPublicationModesJournal.requireObservedModes,192,743070,0
publish,sql_acquire,DocumentPublicationRegistration.preflight,144,718012,0
publish,sql_acquire,DocumentPublicationCommit.commitInternal,144,697511,0
read,sql_acquire,DocumentHistoricalSchemas.check,192,641487,0
unscoped,sql_acquire,DocumentAssessmentReadProtection.finish,33,638517,0
reject,sql_acquire,DocumentSelectedAttemptLedger.renew,144,567094,0
publish,sql_acquire,DocumentOperationUploadAdmission.recheckInitialSelections,144,496696,0
reject,sql_acquire,DocumentAssessmentDiscovery.discover,48,492549,0
publish,sql_acquire,DocumentSchemaPolicies.read,144,446364,0
publish,sql_acquire,DocumentOperationUploadAdmission.stage,144,413813,0
reject,sql_acquire,DocumentOperationUploadAdmission.captureReads,96,341316,0
reject,sql_acquire,RepositorySchemaArtifacts.stage,48,310454,0
publish,sql_acquire,DocumentPublicationRegistration.admitInitial,144,302546,0
reject,sql_acquire,RepositoryOperationLedger.renew,96,294733,0
reject,sql_acquire,DocumentPublicationRegistration.preflight,96,271203,0
reject,sql_acquire,DocumentPublicationPreparationJournal.load,96,251373,0
reject,sql_acquire,DocumentAssessmentCreation.lambda$createInternal$0,48,240286,0
reject,sql_acquire,DocumentPublicationModesJournal.loadRetained,96,222048,0
reject,sql_acquire,DocumentAssessmentReplayInputs.lambda$artifacts$1,48,202129,0
reject,sql_acquire,DocumentAssessmentReconciliation.observeRetained,48,170482,0
reject,sql_acquire,DocumentAssessmentCreation.createInternal,48,154773,0
reject,sql_acquire,DocumentOperationUploadAdmission.recheckInitialSelections,48,152697,0
reject,sql_acquire,DocumentAssessmentRejections.decide,48,151434,0
reject,sql_acquire,DocumentAssessmentReplayInputs.lambda$read$0,48,144412,0
reject,sql_acquire,DocumentOperationUploadAdmission.stage,48,137981,0
reject,sql_acquire,DocumentSchemaPolicies.read,48,135596,0
reject,sql_acquire,DocumentAssessmentReplayInputs.lambda$policy$0,48,110042,0
reject,sql_acquire,DocumentPublicationRegistration.admitInitial,48,96849,0
reject,sql_acquire,DocumentAssessmentStartJournal.startRetained,48,87166,0
reject,sql_acquire,DocumentAssessmentReplayInputs.lambda$read$1,48,80985,0
reject,sql_acquire,DocumentAssessmentReplayInputs.lambda$policy$1,48,74489,0
reject,sql_acquire,DocumentAssessmentReplayInputs.lambda$roots$0,48,65021,0
reject,sql_acquire,DocumentAssessmentReplayInputs.lambda$roots$1,48,63539,0
reject,sql_acquire,DocumentAssessmentReplayInputs.lambda$artifacts$0,48,56074,0
reject,sql_usage,DocumentAssessmentReplayInputs.lambda$policy$1,48,0,0
reject,sql_usage,DocumentAssessmentReplayInputs.lambda$read$1,48,0,0
reject,sql_usage,DocumentAssessmentReplayInputs.lambda$roots$0,48,0,0
