unscoped,provider_put,DocumentPartTransfer.upload,192,8395119139,0
publish,sql_usage,DocumentPublicationCommit.commitInternal,144,6732000000,0
publish,sql_usage,DocumentSelectedAttemptLedger.renew,432,2847000000,0
read,sql_usage,DocumentReadLedger$PinnedHistory.authorizeDelivery,576,2102000000,0
publish,sql_usage,DocumentOperationUploadAdmission.stage,144,2077000000,0
read,sql_usage,DocumentReadLedger.captureHistorical,192,1979000000,0
publish,sql_usage,DocumentPublicationRegistration.admitInitial,144,1863000000,0
publish,sql_usage,RepositoryOperationLedger.renew,288,1812000000,0
read,jdbc_commit,DocumentReadLedger$PinnedHistory.authorizeDelivery,576,1745906252,0
publish,sql_usage,DocumentOperationUploadAdmission.captureReads,288,1712000000,0
reject,sql_usage,DocumentAssessmentCreation.createInternal,48,1706000000,0
unscoped,sql_usage,DocumentSelectedAttemptLedger.verifyBatch,192,1525000000,0
read,sql_usage,DocumentHistoricalSchemas.check,192,1448000000,0
reject,sql_usage,DocumentAssessmentReconciliation.observeRetained,48,1422000000,0
publish,sql_usage,RepositorySchemaArtifacts.stage,144,1369000000,0
publish,sql_usage,DocumentPublicationModesJournal.requireObservedModes,288,1355000000,0
publish,jdbc_commit,DocumentSelectedAttemptLedger.renew,432,1288790613,0
publish,jdbc_executeUpdate,DocumentCommitWriter.write,1008,1243352769,0
publish,jdbc_executeQuery,RepositoryOperationLedger.fenceLiveOwner,1728,1006198613,0
replay,sql_usage,DocumentPublicationReplay.observe,192,1005000000,0
publish,jdbc_executeUpdate,DocumentPublicationCommit.lambda$commitInternal$6,432,1003071948,0
publish,jdbc_commit,RepositoryOperationLedger.renew,288,903965619,0
publish,jdbc_executeQuery,RepositoryExecutionClaimLedger.lockLive,2880,869145881,0
reject,jdbc_executeUpdate,DocumentAssessmentCreation.lambda$createInternal$6,336,868854743,0
reject,sql_usage,DocumentAssessmentDeliveryAuthorization.check,192,841000000,0
unscoped,provider_getBounded,outside_ledger,240,834324468,0
publish,jdbc_commit,DocumentOperationUploadAdmission.captureReads,288,833846692,0
reject,sql_usage,DocumentSelectedAttemptLedger.renew,144,825000000,0
publish,jdbc_commit,DocumentPublicationModesJournal.requireObservedModes,288,813949315,0
reject,sql_usage,DocumentPublicationModesJournal.requireObservedModes,192,809000000,0
unscoped,sql_usage,DocumentReadPins.finish,192,808000000,0
publish,sql_usage,DocumentOperationUploadAdmission.recheckInitialSelections,144,739000000,0
read,sql_usage,DocumentHistoricalSchemas.authorize,192,736000000,0
read,jdbc_executeQuery,DocumentRevisionLocks.lock,2304,620681393,0
unscoped,jdbc_commit,DocumentSelectedAttemptLedger.verifyBatch,192,597851887,0
reject,jdbc_executeQuery,RepositoryOperationLedger.fenceLiveOwner,1104,591058475,0
reject,jdbc_executeQuery,DocumentAssessmentReadRows.capture,144,589276338,0
read,jdbc_commit,DocumentHistoricalSchemas.authorize,192,572516269,0
unscoped,jdbc_commit,DocumentReadPins.finish,192,570755972,0
reject,sql_usage,DocumentOperationUploadAdmission.stage,48,543000000,0
reject,jdbc_commit,DocumentPublicationModesJournal.requireObservedModes,192,540084155,0
publish,jdbc_executeBatch,DocumentSchemaRetention.flush,432,535337552,0
unscoped,provider_getBounded,DocumentPartTransfer.upload,192,528853861,0
reject,sql_usage,DocumentOperationUploadAdmission.captureReads,96,524000000,0
read,jdbc_commit,DocumentHistoricalSchemas.check,192,519159706,0
publish,jdbc_executeQuery,RepositorySchemaArtifacts.lambda$stage$2,576,513245230,0
reject,jdbc_executeQuery,RepositoryExecutionClaimLedger.lockLive,1824,504402704,0
read,jdbc_commit,DocumentReadLedger.captureHistorical,192,502463703,0
reject,sql_usage,RepositoryOperationLedger.renew,96,495000000,0
replay,jdbc_commit,DocumentPublicationReplay.observe,192,490910077,0
publish,jdbc_commit,DocumentOperationUploadAdmission.stage,144,484862093,0
reject,sql_usage,RepositorySchemaArtifacts.stage,48,462000000,0
reject,sql_usage,DocumentPublicationRegistration.admitInitial,48,451000000,0
publish,jdbc_commit,DocumentPublicationCommit.commitInternal,144,450895609,0
publish,jdbc_commit,DocumentPublicationRegistration.admitInitial,144,440875386,0
publish,jdbc_commit,DocumentOperationUploadAdmission.recheckInitialSelections,144,439914560,0
reject,sql_usage,DocumentAssessmentRejections.decide,48,436000000,0
reject,jdbc_commit,DocumentSelectedAttemptLedger.renew,144,431507456,0
read,jdbc_executeQuery,DocumentHistoricalReadRows.capture,384,416494943,0
publish,jdbc_executeQuery,DocumentRevisionLocks.lock,1728,396125413,0
publish,jdbc_commit,RepositorySchemaArtifacts.stage,144,384944583,0
read,jdbc_executeQuery,DocumentHistoricalSchemaRows.capture,384,383196898,0
reject,jdbc_commit,DocumentAssessmentDeliveryAuthorization.check,192,366242797,0
reject,sql_usage,DocumentPublicationReplay.observe,192,347000000,0
reject,sql_usage,DocumentAssessmentStartJournal.startRetained,48,335000000,0
reject,jdbc_executeQuery,DocumentRevisionLocks.lock,1728,328569023,0
reject,sql_usage,DocumentAssessmentDiscovery.discover,48,310000000,0
reject,sql_usage,DocumentPublicationModesJournal.loadRetained,96,309000000,0
reject,sql_usage,DocumentPublicationPreparationJournal.load,96,305000000,0
publish,jdbc_executeUpdate,DocumentOperationUploadAdmission.lambda$stage$3,288,297417047,0
read,jdbc_executeUpdate,DocumentReadPins.acquireHistorical,192,293777690,0
unscoped,jdbc_executeUpdate,DocumentSelectedAttemptLedger.lambda$verifyBatch$0,384,293060637,0
reject,jdbc_commit,DocumentPublicationModesJournal.loadRetained,96,288274103,0
reject,jdbc_commit,RepositoryOperationLedger.renew,96,286091952,0
unscoped,jdbc_executeQuery,DocumentReadPins.lambda$finish$0,192,282622053,0
publish,jdbc_executeQuery,DocumentSelectedAttemptLedger.requireSelections,864,278055399,0
publish,jdbc_executeUpdate,DocumentSelectedAttemptLedger.lambda$renew$1,432,278051573,0
reject,jdbc_commit,DocumentOperationUploadAdmission.captureReads,96,270443321,0
reject,jdbc_commit,DocumentPublicationPreparationJournal.load,96,270017081,0
reject,sql_usage,DocumentOperationUploadAdmission.recheckInitialSelections,48,244000000,0
reject,sql_usage,DocumentAssessmentCreation.lambda$createInternal$0,48,232000000,0
publish,jdbc_executeUpdate,DocumentOperationSelection.insert,144,225894926,0
reject,jdbc_commit,DocumentPublicationReplay.observe,192,215760098,0
reject,jdbc_executeQuery,DocumentAssessmentRetainedSlots.verify,192,206278162,0
publish,jdbc_executeUpdate,RepositoryOperationLedger.admitInTransaction,288,203552243,0
reject,jdbc_executeQuery,DocumentAssessmentDeliveryAuthorization.lambda$check$0,960,193588438,0
publish,jdbc_executeQuery,RepositoryOperationLedger.requireCommand,1440,187433753,0
publish,jdbc_executeQuery,DocumentCommitParts.read,144,183805590,0
publish,jdbc_executeQuery,SqlTimeouts.apply,1152,183640717,0
publish,jdbc_executeUpdate,DocumentSchemaAdmissionBinding.insert,144,180895199,0
publish,jdbc_executeUpdate,DocumentPartAttemptLedger.insertEncodedRows,144,176429746,0
publish,jdbc_executeUpdate,RepositoryOperationLedger.lambda$renew$0,288,166634868,0
reject,jdbc_executeQuery,RepositorySchemaArtifacts.lambda$stage$2,192,162321499,0
publish,jdbc_executeUpdate,DocumentPublicationPreparationJournal.insert,144,160159625,0
reject,jdbc_commit,DocumentOperationUploadAdmission.recheckInitialSelections,48,159231786,0
publish,sql_usage,DocumentPublicationReplay.observe,288,156000000,0
read,jdbc_executeQuery,DocumentHistoricalSchemaRows.artifacts,384,154075497,0
publish,jdbc_executeUpdate,DocumentPublicationModesJournal.insert,144,153379385,0
read,jdbc_executeQuery,DocumentReadPins.acquireHistorical,384,150345575,0
reject,jdbc_commit,DocumentPublicationRegistration.admitInitial,48,150241099,0
publish,sql_usage,DocumentPublicationRegistration.preflight,144,148000000,0
publish,jdbc_executeQuery,DocumentPublicationReplay.observe,576,146151146,0
reject,jdbc_commit,DocumentAssessmentCreation.lambda$createInternal$0,48,141528240,0
publish,jdbc_executeQuery,DocumentSchemaBatch.lockArtifacts,720,140808836,0
reject,jdbc_commit,DocumentAssessmentStartJournal.startRetained,48,140393509,0
publish,sql_usage,DocumentSchemaPolicies.read,144,139000000,0
publish,jdbc_executeQuery,DocumentPublicationLocks.lockIndependentOrigins,720,138611984,0
reject,jdbc_commit,RepositorySchemaArtifacts.stage,48,136059523,0
publish,jdbc_executeQuery,DocumentSchemaRetention.requireFragments,144,133195887,0
reject,jdbc_commit,DocumentOperationUploadAdmission.stage,48,129203584,0
unscoped,jdbc_executeQuery,RepositoryOperationLedger.fenceLiveOwner,192,125890475,0
publish,jdbc_executeQuery,DocumentPartAttemptLedger.lockAll,864,123255024,0
publish,jdbc_executeQuery,DocumentOperationUploadAdmission.lambda$captureReads$0,432,115826539,0
publish,jdbc_executeQuery,DocumentSelectedAttemptLedger.requireOwner,432,112722727,0
reject,jdbc_executeQuery,RepositoryOperationLedger.requireCommand,1008,110409588,0
replay,jdbc_executeQuery,DocumentPublicationReplay.observe,576,105866340,0
reject,jdbc_commit,DocumentAssessmentReconciliation.observeRetained,48,105716690,0
reject,jdbc_commit,DocumentAssessmentCreation.createInternal,48,102178517,0
publish,jdbc_executeQuery,DocumentCommitParts.selections,144,100661420,0
publish,jdbc_executeQuery,DocumentAdmissionSnapshot.prepare,144,100503204,0
reject,jdbc_commit,DocumentAssessmentDiscovery.discover,48,99590956,0
publish,jdbc_executeQuery,RepositoryExecutionClaimLedger.readLocked,864,98724977,0
publish,jdbc_executeQuery,RepositoryOperationLedger.live,432,92442641,0
reject,jdbc_commit,DocumentAssessmentRejections.decide,48,87959004,0
reject,jdbc_executeQuery,DocumentPublicationReplay.observe,624,87135553,0
publish,jdbc_executeQuery,DocumentOperationUploadAdmission.requireInitialSelections,144,86078355,0
publish,jdbc_executeQuery,RepositoryOperationLedger.readOwner,576,85322471,0
unscoped,sql_usage,DocumentAssessmentReadProtection.finish,33,84000000,0
publish,jdbc_executeUpdate,RepositoryCoordinatorBinding.bindInitial,144,82905288,0
publish,jdbc_executeUpdate,RepositoryExecutionClaimLedger.acquireInitialInTransaction,144,81912218,0
reject,jdbc_executeUpdate,DocumentAssessmentStartJournal.lambda$startRetained$2,48,81697316,0
reject,jdbc_executeUpdate,DocumentSelectedAttemptLedger.lambda$renew$1,144,79938869,0
replay,jdbc_executeQuery,DocumentRevisionLocks.lock,384,77876636,0
publish,jdbc_executeUpdate,RepositoryExecutionClaimLedger.renewLive,288,77038743,0
reject,jdbc_executeUpdate,DocumentOperationUploadAdmission.lambda$stage$3,96,75437202,0
reject,jdbc_executeQuery,DocumentAssessmentDeliveryAuthorization.requireLiveReadOwner,384,74755925,0
unscoped,jdbc_executeQuery,RepositoryExecutionClaimLedger.lockLive,192,69068211,0
reject,sql_usage,DocumentPublicationRegistration.preflight,96,68000000,0
read,jdbc_executeQuery,DocumentHistoricalSchemaRows.roots,384,67753839,0
unscoped,jdbc_executeQuery,DocumentSelectedAttemptLedger.lockSelected,384,65846916,0
publish,jdbc_executeQuery,DocumentPublicationModeBinding.require,144,64630779,0
unscoped,jdbc_commit,DocumentAssessmentReadProtection.finish,33,64175048,0
publish,jdbc_executeQuery,DocumentOperationUploadAdmission.lambda$stage$3,288,63740533,0
publish,jdbc_executeQuery,DocumentKeyReservations.reserveEncoded,144,61435451,0
reject,jdbc_executeUpdate,DocumentAssessmentCreation.insertOwner,48,61419204,0
reject,jdbc_executeUpdate,DocumentOperationSelection.insert,48,61219032,0
publish,jdbc_executeQuery,DocumentCommitWriter.write,288,60518004,0
replay,jdbc_executeQuery,DocumentPublicationReplay.requireRevisions,144,60209846,0
publish,jdbc_executeQuery,DocumentSchemaPolicies.select,288,59200821,0
reject,jdbc_executeUpdate,DocumentAssessmentRejections.lambda$decide$0,48,57818511,0
reject,jdbc_executeUpdate,DocumentAssessmentCreation.lambda$createInternal$9,48,57628279,0
publish,jdbc_executeQuery,DocumentDriveSnapshot.lock,288,57273191,0
publish,jdbc_executeQuery,DocumentSchemaPolicies.lockCurrent,432,57248592,0
publish,jdbc_executeQuery,DocumentPublicationPreparationJournal.capture,288,56583134,0
reject,jdbc_executeQuery,SqlTimeouts.apply,384,53887274,0
unscoped,jdbc_executeQuery,DocumentSelectedAttemptLedger.requireOwner,192,52739915,0
reject,jdbc_executeQuery,DocumentCommitParts.read,48,52415488,0
reject,jdbc_executeQuery,DocumentSelectedAttemptLedger.requireSelections,288,52177597,0
unscoped,jdbc_executeQuery,DocumentPartAttemptLedger.read,384,52049301,0
read,jdbc_executeQuery,DocumentReadLedger.lambda$captureHistorical$0,192,51488216,0
publish,jdbc_executeQuery,ManagedBackendLedger.find,288,49469210,0
reject,jdbc_executeUpdate,RepositoryOperationLedger.admitInTransaction,96,49157008,0
reject,jdbc_executeUpdate,RepositoryOperationLedger.lambda$renew$0,96,48405613,0
publish,jdbc_executeQuery,DocumentPartAttemptLedger.read,288,47498610,0
reject,jdbc_executeUpdate,DocumentPartAttemptLedger.insertEncodedRows,48,47329915,0
unscoped,jdbc_executeQuery,SqlTimeouts.apply,192,46153712,0
reject,jdbc_executeQuery,DocumentAssessmentReconciliation.lambda$observeRetained$4,192,44535082,0
reject,jdbc_executeUpdate,DocumentAssessmentReconciliation.lambda$observeRetained$4,48,43903845,0
read,jdbc_executeQuery,ManagedBackendLedger.requireAll,192,43877379,0
reject,jdbc_executeQuery,DocumentCommitParts.bind,96,43491897,0
publish,jdbc_executeQuery,DocumentSchemaRetention.requireRevision,144,43312255,0
reject,jdbc_executeBatch,DocumentAssessmentCreation.lambda$createInternal$8,48,42571914,0
publish,jdbc_executeQuery,DocumentSchemaRetention.write,144,42025609,0
publish,jdbc_executeQuery,RepositoryOperationLedger.read,144,40722913,0
publish,jdbc_executeQuery,DocumentPublicationLocks.lockIndependentRetention,144,40051733,0
read,jdbc_executeQuery,DocumentHistoricalSchemaRows.references,192,39841787,0
publish,jdbc_executeQuery,DocumentPublicationLocks$IndependentOrigins.requireScope,288,39112191,0
reject,jdbc_executeQuery,DocumentPublicationPreparationJournal.capture,288,39086666,0
publish,jdbc_executeQuery,DocumentCommitParts.bind,144,37751108,0
publish,jdbc_executeQuery,DocumentUploadAdmissionReplay.hasSelections,144,35332433,0
reject,jdbc_executeUpdate,DocumentPublicationPreparationJournal.insert,48,34418941,0
reject,jdbc_executeQuery,DocumentOperationUploadAdmission.lambda$captureReads$0,144,33740572,0
publish,jdbc_executeQuery,DocumentSelectedAttemptLedger.lockSelected,144,33736534,0
reject,jdbc_executeQuery,DocumentAssessmentReplayInputs.lambda$artifacts$1,48,33423052,0
reject,jdbc_executeQuery,DocumentSelectedAttemptLedger.requireOwner,144,33373577,0
reject,jdbc_executeUpdate,DocumentPublicationModesJournal.insert,48,33284736,0
reject,jdbc_executeQuery,DocumentSchemaPolicies.lockCurrent,288,31742743,0
reject,jdbc_executeQuery,DocumentAssessmentRejections.lambda$decide$0,144,31533332,0
reject,jdbc_executeQuery,DocumentCommitParts.selections,48,30506213,0
reject,jdbc_executeQuery,DocumentPartAttemptLedger.lockAll,288,30289721,0
publish,jdbc_commit,DocumentPublicationReplay.observe,288,29870459,0
reject,jdbc_executeQuery,DocumentAssessmentStartJournal.requireCreation,48,29514053,0
publish,jdbc_executeQuery,RepositoryExecutionClaimLedger.live,144,29201411,0
unscoped,jdbc_executeQuery,DocumentAssessmentReadProtection.lambda$finish$0,33,26567895,0
reject,jdbc_executeQuery,DocumentAssessmentRetainedEvidence.verifyArtifacts,48,26084330,0
publish,jdbc_executeQuery,RepositoryCoordinatorBinding.bindInitial,144,24848155,0
publish,jdbc_executeQuery,DocumentPublicationModesJournal.readModes,144,24702359,0
reject,jdbc_executeQuery,DocumentOperationUploadAdmission.requireInitialSelections,48,23913776,0
replay,jdbc_executeQuery,RepositoryOperationLedger.requireCommand,192,23665779,0
reject,jdbc_executeQuery,RepositoryExecutionClaimLedger.readLocked,288,23581740,0
publish,jdbc_commit,DocumentPublicationRegistration.preflight,144,23349030,0
reject,jdbc_executeQuery,DocumentAssessmentDiscovery.lambda$discover$0,96,22911247,0
reject,jdbc_executeQuery,RepositoryOperationLedger.live,144,20851738,0
reject,jdbc_executeQuery,DocumentPublicationModesJournal.readModes,144,20723819,0
reject,jdbc_executeQuery,RepositoryOperationLedger.readOwner,192,20629847,0
publish,jdbc_executeQuery,DocumentSchemaPolicies.lambda$read$0,144,19986861,0
reject,jdbc_executeQuery,DocumentAssessmentReplayInputs.lambda$read$1,48,19737484,0
reject,jdbc_executeQuery,DocumentAssessmentStartJournal.lambda$startRetained$2,96,19487523,0
reject,jdbc_executeUpdate,RepositoryCoordinatorBinding.bindInitial,48,19277701,0
reject,jdbc_executeQuery,DocumentSchemaPolicies.select,144,19227031,0
reject,jdbc_executeQuery,DocumentOperationUploadAdmission.lambda$stage$3,96,18951540,0
publish,jdbc_commit,DocumentSchemaPolicies.read,144,18795474,0
reject,jdbc_executeUpdate,RepositoryExecutionClaimLedger.acquireInitialInTransaction,48,18539312,0
reject,jdbc_executeQuery,DocumentAssessmentReplayInputs.lambda$policy$1,48,18007663,0
reject,jdbc_executeUpdate,RepositoryExecutionClaimLedger.renewLive,96,17689572,0
reject,jdbc_executeQuery,DocumentAssessmentRetainedSlots.retainedSelections,48,17661602,0
reject,jdbc_executeQuery,DocumentAssessmentReplayInputs.lambda$roots$1,48,17178323,0
reject,sql_usage,DocumentSchemaPolicies.read,48,17000000,0
reject,jdbc_executeQuery,DocumentKeyReservations.reserveEncoded,48,16911476,0
reject,jdbc_executeQuery,DocumentAssessmentReplayInputs.lambda$read$0,48,15327454,0
reject,jdbc_executeQuery,DocumentAssessmentReplayInputs.lambda$artifacts$0,48,14362221,0
reject,jdbc_executeQuery,DocumentDriveSnapshot.lock,96,13547847,0
reject,jdbc_executeQuery,DocumentPartAttemptLedger.read,96,12597332,0
reject,jdbc_executeQuery,ManagedBackendLedger.find,96,11586256,0
reject,sql_usage,DocumentAssessmentReplayInputs.lambda$policy$1,48,11000000,0
reject,jdbc_executeQuery,DocumentAssessmentReplayInputs.lambda$policy$0,48,10991208,0
reject,jdbc_executeQuery,DocumentAssessmentRetainedEvidence.verify,48,10755519,0
reject,jdbc_commit,DocumentPublicationRegistration.preflight,96,10678045,0
reject,jdbc_executeQuery,DocumentUploadAdmissionReplay.hasSelections,48,10376566,0
reject,jdbc_executeQuery,RepositoryOperationLedger.read,48,9916146,0
reject,sql_usage,DocumentAssessmentReplayInputs.lambda$artifacts$1,48,9000000,0
reject,jdbc_executeQuery,DocumentAssessmentReplayInputs.lambda$roots$0,48,8337783,0
reject,jdbc_executeQuery,DocumentSelectedAttemptLedger.lockSelected,48,8204888,0
reject,sql_usage,DocumentAssessmentReplayInputs.lambda$read$1,48,8000000,0
reject,jdbc_executeQuery,RepositoryExecutionClaimLedger.live,48,7161138,0
read,sql_acquire,DocumentReadLedger.captureHistorical,192,6913944,0
reject,jdbc_executeQuery,ManagedBackendLedger.requireAll,48,6423200,0
reject,jdbc_executeQuery,RepositoryCoordinatorBinding.bindInitial,48,6150905,0
reject,jdbc_executeQuery,DocumentSchemaPolicies.lambda$read$0,48,6122540,0
reject,sql_usage,DocumentAssessmentReplayInputs.lambda$read$0,48,6000000,0
unscoped,sql_acquire,DocumentReadPins.finish,192,4892243,0
reject,jdbc_commit,DocumentSchemaPolicies.read,48,4676107,0
unscoped,sql_acquire,DocumentSelectedAttemptLedger.verifyBatch,192,4629043,0
reject,sql_usage,DocumentAssessmentReplayInputs.lambda$roots$1,48,3000000,0
read,sql_acquire,DocumentReadLedger$PinnedHistory.authorizeDelivery,576,2883334,0
publish,sql_acquire,DocumentSelectedAttemptLedger.renew,432,1696571,0
read,sql_acquire,DocumentHistoricalSchemas.authorize,192,1215247,0
publish,sql_acquire,DocumentPublicationReplay.observe,288,1175354,0
publish,sql_acquire,DocumentOperationUploadAdmission.captureReads,288,1173098,0
publish,sql_acquire,DocumentPublicationModesJournal.requireObservedModes,288,1081645,0
reject,sql_usage,DocumentAssessmentReplayInputs.lambda$policy$0,48,1000000,0
publish,sql_acquire,RepositoryOperationLedger.renew,288,999553,0
reject,sql_acquire,DocumentPublicationModesJournal.requireObservedModes,192,905912,0
publish,sql_acquire,DocumentPublicationRegistration.admitInitial,144,880968,0
replay,sql_acquire,DocumentPublicationReplay.observe,192,783416,0
publish,sql_acquire,RepositorySchemaArtifacts.stage,144,778066,0
read,sql_acquire,DocumentHistoricalSchemas.check,192,705285,0
reject,sql_acquire,DocumentPublicationReplay.observe,192,608537,0
publish,sql_acquire,DocumentPublicationCommit.commitInternal,144,517363,0
reject,sql_acquire,DocumentAssessmentDeliveryAuthorization.check,192,505933,0
publish,sql_acquire,DocumentOperationUploadAdmission.recheckInitialSelections,144,461551,0
reject,sql_acquire,DocumentAssessmentCreation.createInternal,48,453066,0
reject,sql_acquire,DocumentSelectedAttemptLedger.renew,144,442895,0
publish,sql_acquire,DocumentOperationUploadAdmission.stage,144,440097,0
publish,sql_acquire,DocumentSchemaPolicies.read,144,413744,0
reject,sql_acquire,DocumentOperationUploadAdmission.captureReads,96,337571,0
reject,sql_acquire,DocumentPublicationModesJournal.loadRetained,96,324021,0
publish,sql_acquire,DocumentPublicationRegistration.preflight,144,313719,0
reject,sql_acquire,DocumentPublicationPreparationJournal.load,96,294325,0
reject,sql_acquire,RepositorySchemaArtifacts.stage,48,280433,0
reject,sql_acquire,DocumentPublicationRegistration.preflight,96,244843,0
reject,sql_acquire,DocumentAssessmentReplayInputs.lambda$artifacts$0,48,233921,0
reject,sql_acquire,RepositoryOperationLedger.renew,96,223150,0
reject,sql_acquire,DocumentAssessmentReplayInputs.lambda$roots$1,48,217714,0
reject,sql_acquire,DocumentAssessmentDiscovery.discover,48,164418,0
reject,sql_acquire,DocumentAssessmentStartJournal.startRetained,48,164288,0
reject,sql_acquire,DocumentOperationUploadAdmission.recheckInitialSelections,48,136920,0
reject,sql_acquire,DocumentAssessmentRejections.decide,48,135346,0
reject,sql_acquire,DocumentAssessmentCreation.lambda$createInternal$0,48,135246,0
reject,sql_acquire,DocumentAssessmentReplayInputs.lambda$read$0,48,128870,0
reject,sql_acquire,DocumentAssessmentReconciliation.observeRetained,48,123325,0
reject,sql_acquire,DocumentAssessmentReplayInputs.lambda$policy$0,48,97208,0
reject,sql_acquire,DocumentOperationUploadAdmission.stage,48,91524,0
reject,sql_acquire,DocumentSchemaPolicies.read,48,89120,0
unscoped,sql_acquire,DocumentAssessmentReadProtection.finish,32,88389,0
reject,sql_acquire,DocumentPublicationRegistration.admitInitial,48,81505,0
reject,sql_acquire,DocumentAssessmentReplayInputs.lambda$read$1,48,74376,0
reject,sql_acquire,DocumentAssessmentReplayInputs.lambda$roots$0,48,63509,0
reject,sql_acquire,DocumentAssessmentReplayInputs.lambda$policy$1,48,57342,0
reject,sql_acquire,DocumentAssessmentReplayInputs.lambda$artifacts$1,48,41262,0
reject,sql_usage,DocumentAssessmentReplayInputs.lambda$artifacts$0,48,0,0
reject,sql_usage,DocumentAssessmentReplayInputs.lambda$roots$0,48,0,0
